start_time,end_time,f_name,l_name,phone,pvt_email,type,calendar,price,is_paid,paid_online,certificate_code,notes,scheduled_on,label,scheduled_by,company_name,work_email,preferred_platforms,appointment_id,flags,emp_names_input,first_name,last_name,employee_names,nickname,short_type,company,c_per_emp,c_per_month,prepaid,starts,ends,note,bgn_per_hour,is_valid,contract_duration,concat_emp_company,total_per_emp,returns_or_not,trainer,concat_count,active_trainings_per_client,trainings_left,month,year,dayname,training_datetime,scheduled_date,training_end
2023-02-01 09:00:00,2023-02-01 09:50:00,Macie,Jefferson,885222200,macie.jefferson@yahoo.co.uk,Swift Systems: Тренинг за лидери на живо | Leadership training in person,Жана Иванова | Zhana Ivanova,0.0,no,0.0,,,2023-01-31,,a client,Swift Systems,m.jefferson@swift.systems.com,,977481035,,|Macie|Jefferson|,MACIE,JEFFERSON,Macie Jefferson,MAEFFJEF,На живо,SWIFT SYSTEMS,9999.0,0.0,0.0,2022-04-01,30-Sep-2022,,50.0,1.0,182 days,MAEFFJEF|SWIFT SYSTEMS,14,more then one session,Жана Иванова,,,,February,2023,Wednesday,01-Feb-2023 09:00:00,31-Jan-2023,01-Feb-2023
2023-02-01 10:00:00,2023-02-01 10:50:00,Клара,Катърова,359812210222,klara.katarova@abv.bg,Novex: Онлайн тренинг за лидери|Online leadership training,Калина Петрова | Kalina Petrova,0.0,no,0.0,,,2023-01-25,,a client,Novex,k.katarova@novex.com,Zoom,973861958,,|Клара|Катърова|,KLARA,KATAROVA,Klara Katarova,KLATAKAT,Онлайн,NOVEX,12.0,0.0,0.0,2022-04-01,31-Mar-2023,,50.0,1.0,364 days,KLATAKAT|NOVEX,8,more then one session,Калина Петрова,NOVEX|KLATAKAT,7.0,5.0,February,2023,Wednesday,01-Feb-2023 10:00:00,25-Jan-2023,01-Feb-2023
2023-02-01 11:00:00,2023-02-01 11:50:00,Agustin,Ashley,889332922,agustin.ashley@yahoo.co.uk,SunriseCorp: Онлайн тренинг за лидери | Online leadership training,Валентинка Петкова | Valentinaka Petkova,0.0,no,0.0,,,2023-01-30,,a client,SunriseCorp,a.ashley@sunrisecorp.com,Zoom,976736200,,|Agustin|Ashley|,AGUSTIN,ASHLEY,Agustin Ashley,AGSHLASH,Онлайн,SUNRISECORP,9999.0,0.0,0.0,1920-01-01,01-Jan-1920,,40.0,1.0,0 days,AGSHLASH|SUNRISECORP,5,more then one session,Валентинка Петкова,,,,February,2023,Wednesday,01-Feb-2023 11:00:00,30-Jan-2023,01-Feb-2023
2023-02-01 13:30:00,2023-02-01 14:20:00,Оливера,Куртажова,899032329,olivera.kurtazhova@gmail.com,Prodigy: Онлайн тренинг за лидери,Веселин Стефанов | Veselin Stefanov,0.0,no,0.0,,,2023-01-24,,a client,Prodigy,o.kurtazhova@prodigy.com,"Viber, Google Meet",973225104,,|Оливера|Куртажова|,OLIVERA,KURTAZHOVA,Olivera Kurtazhova,OLURTKUR,Онлайн,PRODIGY,6.0,1.0,0.0,2022-07-01,30-Nov-2022,,40.0,1.0,152 days,OLURTKUR|PRODIGY,1,only one session,Веселин Стефанов,,,,February,2023,Wednesday,01-Feb-2023 13:30:00,24-Jan-2023,01-Feb-2023
2023-02-01 15:00:00,2023-02-01 15:50:00,Ciara,Jordan,359819803910,ciara.jordan@yandex.ru,Novex: Тренинг за лидери на живо | Leadership training in person,Димитър Петров | Dimitar Petrov,0.0,no,0.0,,,2023-01-20,,a client,Novex,c.jordan@novex.com,,971375840,,|Ciara|Jordan|,CIARA,JORDAN,Ciara Jordan,CIORDJOR,На живо,NOVEX,12.0,0.0,0.0,2022-04-01,31-Mar-2023,,50.0,1.0,364 days,CIORDJOR|NOVEX,7,more then one session,Димитър Петров,NOVEX|CIORDJOR,7.0,5.0,February,2023,Wednesday,01-Feb-2023 15:00:00,20-Jan-2023,01-Feb-2023
2023-02-01 16:30:00,2023-02-01 17:20:00,Захаринка,Многознаева,888102255,zaxarinka.mnogoznaeva@yahoo.com,Swift Systems: Тренинг за лидери на живо | Leadership training in person,Цветелина Петрова | Tsvetelina Petrova,0.0,no,0.0,,,2023-01-27,,a trainer,Swift Systems,z.mnogoznaeva@swift.systems.com,,975262453,,|Захаринка|Многознаева|,ZAHARINKA,MNOGOZNAEVA,Zaharinka Mnogoznaeva,ZANOGMNO,На живо,SWIFT SYSTEMS,9999.0,0.0,0.0,2022-04-01,30-Sep-2022,,50.0,1.0,182 days,ZANOGMNO|SWIFT SYSTEMS,24,more then one session,Цветелина Петрова,,,,February,2023,Wednesday,01-Feb-2023 16:30:00,27-Jan-2023,01-Feb-2023
2023-02-01 17:00:00,2023-02-01 17:50:00,Звездислав,Лимонадов,883328221,zvezdislav.limonadov@mail.bg,ModernTech: Тренинг за лидери на живо | Leadership training in person,Димитър Петров | Dimitar Petrov,0.0,no,0.0,,,2023-01-23,,a client,ModernTech,z.limonadov@moderntech.com,,972540693,,|Звездислав|Лимонадов|,ZVEZDISLAV,LIMONADOV,Zvezdislav Limonadov,ZVIMOLIM,На живо,MODERNTECH,9999.0,0.0,0.0,1920-01-01,01-Jan-1920,,40.0,1.0,0 days,ZVIMOLIM|MODERNTECH,15,more then one session,Димитър Петров,,,,February,2023,Wednesday,01-Feb-2023 17:00:00,23-Jan-2023,01-Feb-2023
2023-02-01 18:00:00,2023-02-01 18:50:00,Александрина,Ждраков,892121590,aleksandrina.zhdrakov@yahoo.com,Novex: Тренинг за лидери на живо | Leadership training in person,Димитър Петров | Dimitar Petrov,0.0,no,0.0,,,2023-01-12,,a client,Novex,a.zhdrakov@novex.com,,966208701,,|Александрина|Ждраков|,ALEKSANDRINA,ZHDRAKOV,Aleksandrina Zhdrakov,ALHDRZHD,На живо,NOVEX,12.0,0.0,0.0,2022-04-01,31-Mar-2023,,50.0,1.0,364 days,ALHDRZHD|NOVEX,3,more then one session,Димитър Петров,NOVEX|ALHDRZHD,3.0,9.0,February,2023,Wednesday,01-Feb-2023 18:00:00,12-Jan-2023,01-Feb-2023
2023-02-01 18:30:00,2023-02-01 19:20:00,Carter,Hanson,393229510223,carter.hanson@yahoo.co.uk,iNdigo | Nexern | Conzap: Онлайн тренинг за лидери | Online leadership training,Радослав Иванов | Radoslav Ivanov,0.0,no,0.0,,,2023-01-24,,a client,iNdigo,carter.hanson@yahoo.co.uk,Skype,973395616,,|Carter|Hanson|,CARTER,HANSON,Carter Hanson,CAANSART,Онлайн,INDIGO,5.0,0.0,0.0,2021-11-15,15-Nov-2022,online only,50.0,1.0,365 days,CAANSART|INDIGO,4,more then one session,Радослав Иванов,,,,February,2023,Wednesday,01-Feb-2023 18:30:00,24-Jan-2023,01-Feb-2023
2023-02-02 08:30:00,2023-02-02 09:20:00,Стоимена,Кукуряшков,889133322,stoimena.kukuryashkov@abv.bg,Swift Systems: Тренинг за лидери на живо | Leadership training in person,Георги Михайлов | Georgi Mihaylov,0.0,no,0.0,,,2023-02-01,,a trainer,,,,978238893,"2,",|Стоимена|Кукуряшков|,STOIMENA,KUKURYASHKOV,Stoimena Kukuryashkov,STUKUTOI,На живо,SWIFT SYSTEMS,9999.0,0.0,0.0,2022-04-01,30-Sep-2022,,50.0,1.0,182 days,STUKUTOI|SWIFT SYSTEMS,3,more then one session,Георги Михайлов,,,,February,2023,Thursday,02-Feb-2023 08:30:00,01-Feb-2023,02-Feb-2023
2023-02-02 09:30:00,2023-02-02 10:20:00,Дуда,Бележкова,885921292,duda.belezhkova@abv.bg,Swift Systems: Тренинг за лидери на живо | Leadership training in person,Георги Михайлов | Georgi Mihaylov,0.0,no,0.0,,,2023-01-25,,a trainer,Swift Systems,d.belezhkova@swift.systems.com,,973875160,,|Дуда|Бележкова|,DUDA,BELEZHKOVA,Duda Belezhkova,DUELEBEL,На живо,SWIFT SYSTEMS,9999.0,0.0,0.0,2022-04-01,30-Sep-2022,,50.0,1.0,182 days,DUELEBEL|SWIFT SYSTEMS,21,more then one session,Георги Михайлов,,,,February,2023,Thursday,02-Feb-2023 09:30:00,25-Jan-2023,02-Feb-2023
2023-02-02 11:30:00,2023-02-02 12:20:00,Илиян,Ментешев,882112812,iliyan.menteshev@abv.bg,Swift Systems: Тренинг за лидери на живо | Leadership training in person,Георги Михайлов | Georgi Mihaylov,0.0,no,0.0,,,2023-01-25,,a trainer,Swift Systems,i.menteshev@swift.systems.com,,973887245,,|Илиян|Ментешев|,ILIYAN,MENTESHEV,Iliyan Menteshev,ILENTMEN,На живо,SWIFT SYSTEMS,9999.0,0.0,0.0,2022-04-01,30-Sep-2022,,50.0,1.0,182 days,ILENTMEN|SWIFT SYSTEMS,16,more then one session,Георги Михайлов,,,,February,2023,Thursday,02-Feb-2023 11:30:00,25-Jan-2023,02-Feb-2023
2023-02-02 12:30:00,2023-02-02 13:20:00,Хектор,Крушовска,883528082,xektor.krushovska@mail.bg,Swift Systems: Тренинг за лидери на живо | Leadership training in person,Цветелина Петрова | Tsvetelina Petrova,0.0,no,0.0,,,2023-01-27,,a trainer,Swift Systems,x.krushovska@swift.systems.com,,975262932,,|Хектор|Крушовска|,HEKTOR,KRUSHOVSKA,Hektor Krushovska,HERUSKRU,На живо,SWIFT SYSTEMS,9999.0,0.0,0.0,2022-04-01,30-Sep-2022,,50.0,1.0,182 days,HERUSKRU|SWIFT SYSTEMS,26,more then one session,Цветелина Петрова,,,,February,2023,Thursday,02-Feb-2023 12:30:00,27-Jan-2023,02-Feb-2023
2023-02-02 13:00:00,2023-02-02 13:50:00,Аглай,Количков,898201220,aglaj.kolichkov@mail.bg,Novex: Тренинг за лидери на живо | Leadership training in person,Веселин Стефанов | Veselin Stefanov,0.0,no,0.0,,,2023-01-13,,a client,Novex,a.kolichkov@novex.com,,966825150,,|Аглай|Количков|,AGLAY,KOLICHKOV,Aglay Kolichkov,AGOLIKOL,На живо,NOVEX,12.0,0.0,0.0,2022-04-01,31-Mar-2023,,50.0,1.0,364 days,AGOLIKOL|NOVEX,9,more then one session,Веселин Стефанов,NOVEX|AGOLIKOL,9.0,3.0,February,2023,Thursday,02-Feb-2023 13:00:00,13-Jan-2023,02-Feb-2023
2023-02-02 15:00:00,2023-02-02 15:50:00,Luke,Mayer,899321552,luke.mayer@yandex.ru,Novex: Онлайн тренинг за лидери|Online leadership training,Любомира Иванова | Lyubomira Ivanova,0.0,no,0.0,,,2023-01-27,,a client,Novex,l.mayer@novex.com,Zoom,975245909,,|Luke|Mayer|,LUKE,MAYER,Luke Mayer,LUAYEMAY,Онлайн,NOVEX,12.0,0.0,0.0,2022-04-01,31-Mar-2023,,50.0,1.0,364 days,LUAYEMAY|NOVEX,6,more then one session,Любомира Иванова,NOVEX|LUAYEMAY,6.0,6.0,February,2023,Thursday,02-Feb-2023 15:00:00,27-Jan-2023,02-Feb-2023
2023-02-02 17:00:00,2023-02-02 17:50:00,Ясен,Кьоров,359882121321,yasen.kaorov@abv.bg,Novex: Тренинг за лидери на живо | Leadership training in person,Михаил Димитров | Mihail Dimitrov,0.0,no,0.0,,,2023-01-30,,a client,Novex,y.kaorov@novex.com,,976955371,"9,",|Ясен|Кьоров|,YASEN,KYOROV,Yasen Kyorov,YAYORKAO,На живо,NOVEX,12.0,0.0,0.0,2022-04-01,31-Mar-2023,,50.0,1.0,364 days,YAYORKAO|NOVEX,12,more then one session,Михаил Димитров,NOVEX|YAYORKAO,12.0,0.0,February,2023,Thursday,02-Feb-2023 17:00:00,30-Jan-2023,02-Feb-2023
2023-02-02 18:00:00,2023-02-02 18:50:00,Cameron,Solomon,890210222,cameron.solomon@yahoo.co.uk,Prodigy: Онлайн тренинг за лидери,Калина Петрова | Kalina Petrova,0.0,no,0.0,,,2023-01-17,,a client,Vortex,c.solomon@vortex.com,Zoom,969019657,,|Cameron|Solomon|,CAMERON,SOLOMON,Cameron Solomon,CAOLOSOL,Онлайн,PRODIGY,6.0,1.0,0.0,2022-07-01,30-Nov-2022,,40.0,1.0,152 days,CAOLOSOL|PRODIGY,3,more then one session,Калина Петрова,,,,February,2023,Thursday,02-Feb-2023 18:00:00,17-Jan-2023,02-Feb-2023
2023-02-02 18:00:00,2023-02-02 18:50:00,Кети,Докова,893122212,keti.dokova@abv.bg,ModernTech: Онлайн тренинг за лидери | Online leadership training,София Димитрова | Sofia Dimitrova,0.0,no,0.0,,,2023-01-31,,a client,ModernTech,k.dokova@moderntech.com,Google Meet,977596453,,|Кети|Докова|,KETI,DOKOVA,Keti Dokova,KEOKODOK,Онлайн,MODERNTECH,9999.0,0.0,0.0,1920-01-01,01-Jan-1920,,40.0,1.0,0 days,KEOKODOK|MODERNTECH,7,more then one session,София Димитрова,,,,February,2023,Thursday,02-Feb-2023 18:00:00,31-Jan-2023,02-Feb-2023
2023-02-02 19:00:00,2023-02-02 19:50:00,Ширко,Клатикрушев,885521133,shirko.klatikrushev@yahoo.com,Swift Systems: Тренинг за лидери на живо | Leadership training in person,Радослав Иванов | Radoslav Ivanov,0.0,no,0.0,,,2023-01-31,,client logged in asshirko.klatikrushev@yahoo.com,Swift Systems,s.klatikrushev@swift.systems.com,,977552699,,|Ширко|Клатикрушев|,SHIRKO,KLATIKRUSHEV,Shirko Klatikrushev,SHLATKLA,На живо,SWIFT SYSTEMS,9999.0,0.0,0.0,2022-04-01,30-Sep-2022,,50.0,1.0,182 days,SHLATKLA|SWIFT SYSTEMS,38,more then one session,Радослав Иванов,,,,February,2023,Thursday,02-Feb-2023 19:00:00,31-Jan-2023,02-Feb-2023
2023-02-03 10:00:00,2023-02-03 10:50:00,Diya,Flynn,359899908252,diya.flynn@msn.com,Novex: Онлайн тренинг за лидери|Online leadership training,Калина Петрова | Kalina Petrova,0.0,no,0.0,,,2023-01-31,,a client,Novex,diya.flynn@msn.com,Zoom,977583449,,|Diya|Flynn|,DIYA,FLYNN,Diya Flynn,DILYNIYA,Онлайн,NOVEX,12.0,0.0,0.0,2022-04-01,31-Mar-2023,,50.0,1.0,364 days,DILYNIYA|NOVEX,5,more then one session,Калина Петрова,NOVEX|DILYNIYA,5.0,7.0,February,2023,Friday,03-Feb-2023 10:00:00,31-Jan-2023,03-Feb-2023
2023-02-03 17:00:00,2023-02-03 17:50:00,Биню,Катърова,885120082,binyu.katarova@yahoo.com,SunriseCorp: Тренинг за лидери на живо | Leadership training in person,Калина Петрова | Kalina Petrova,0.0,no,0.0,,,2023-02-02,,a client,SunriseCorp,b.katarova@sunrisecorp.com,,979050108,,|Биню|Катърова|,BINYU,KATAROVA,Binyu Katarova,BIATAKAT,На живо,SUNRISECORP,9999.0,0.0,0.0,1920-01-01,01-Jan-1920,,40.0,1.0,0 days,BIATAKAT|SUNRISECORP,3,more then one session,Калина Петрова,,,,February,2023,Friday,03-Feb-2023 17:00:00,02-Feb-2023,03-Feb-2023
2023-02-04 10:30:00,2023-02-04 11:20:00,Айдемир,Месаров,882200011,ajdemir.mesarov@mail.bg,Novex: Тренинг за лидери на живо | Leadership training in person,Камен Георгиев | Kamen Georgiev,0.0,no,0.0,,,2023-01-21,,a client,Novex,a.mesarov@novex.com,,971830739,,|Айдемир|Месаров|,AYDEMIR,MESAROV,Aydemir Mesarov,AYESAMES,На живо,NOVEX,12.0,0.0,0.0,2022-04-01,31-Mar-2023,,50.0,1.0,364 days,AYESAMES|NOVEX,9,more then one session,Камен Георгиев,NOVEX|AYESAMES,9.0,3.0,February,2023,Saturday,04-Feb-2023 10:30:00,21-Jan-2023,04-Feb-2023
2023-02-04 14:00:00,2023-02-04 14:50:00,Койно,Певецова,359885031511,kojno.pevecova@yahoo.com,Novex: Тренинг за лидери на живо | Leadership training in person,Камен Георгиев | Kamen Georgiev,0.0,no,0.0,,,2023-01-31,,a client,Novex,k.pevecova@novex.com,,977554840,,|Койно|Певецова|,KOYNO,PEVETSOVA,Koyno Pevetsova,KOEVEPEV,На живо,NOVEX,12.0,0.0,0.0,2022-04-01,31-Mar-2023,,50.0,1.0,364 days,KOEVEPEV|NOVEX,5,more then one session,Камен Георгиев,NOVEX|KOEVEPEV,5.0,7.0,February,2023,Saturday,04-Feb-2023 14:00:00,31-Jan-2023,04-Feb-2023
2023-02-05 14:00:00,2023-02-05 14:50:00,Севда,Първанова,811091551,sevda.parvanova@abv.bg,SunriseCorp: Тренинг за лидери на живо | Leadership training in person,Камен Георгиев | Kamen Georgiev,0.0,no,0.0,,,2023-01-20,,a client,SunriseCorp,s.parvanova@sunrisecorp.com,,971023552,,|Севда|Първанова|,SEVDA,PARVANOVA,Sevda Parvanova,SEARVPAR,На живо,SUNRISECORP,9999.0,0.0,0.0,1920-01-01,01-Jan-1920,,40.0,1.0,0 days,SEARVPAR|SUNRISECORP,3,more then one session,Камен Георгиев,,,,February,2023,Sunday,05-Feb-2023 14:00:00,20-Jan-2023,05-Feb-2023
2023-02-05 17:00:00,2023-02-05 17:50:00,Георгица,Чупетловска,812200201,georgica.chupetlovska@yahoo.com,SunriseCorp: Онлайн тренинг за лидери | Online leadership training,София Димитрова | Sofia Dimitrova,0.0,no,0.0,,,2023-02-02,,a client,SunriseCorp,g.chupetlovska@sunrisecorp.com,"Zoom, Skype, Viber",979125773,,|Георгица|Чупетловска|,GEORGITSA,CHUPETLOVSKA,Georgitsa Chupetlovska,GEHUPCHU,Онлайн,SUNRISECORP,9999.0,0.0,0.0,1920-01-01,01-Jan-1920,,40.0,1.0,0 days,GEHUPCHU|SUNRISECORP,3,more then one session,София Димитрова,,,,February,2023,Sunday,05-Feb-2023 17:00:00,02-Feb-2023,05-Feb-2023
2023-02-06 12:00:00,2023-02-06 12:50:00,Пато,Скринска,888898932,pato.skrinska@abv.bg,Zetron: Онлайн тренинг за лидери | Online leadership training,Камен Георгиев | Kamen Georgiev,0.0,no,0.0,,,2023-02-01,,a client,Zetron,p.skrinska@zetron.com,"Zoom, Google Meet",978319601,,|Пато|Скринска|,PATO,SKRINSKA,Pato Skrinska,PAKRISKR,Онлайн,ZETRON,2.0,0.0,0.0,2022-06-01,31-Dec-2022,1,50.0,1.0,213 days,PAKRISKR|ZETRON,5,more then one session,Камен Георгиев,,,,February,2023,Monday,06-Feb-2023 12:00:00,01-Feb-2023,06-Feb-2023
2023-02-06 12:30:00,2023-02-06 13:20:00,Флори,Топчийски,898200122,flori.topchijski@gmail.com,SunriseCorp: Онлайн тренинг за лидери | Online leadership training,Радослава Димитрова | Radoslava Dimitrova,0.0,no,0.0,,,2023-01-23,,a client,SunriseCorp,flori.topchijski@gmail.com,"Zoom, Viber, Google Meet",972454103,,|Флори|Топчийски|,FLORI,TOPCHIYSKI,Flori Topchiyski,FLOPCLOR,Онлайн,SUNRISECORP,9999.0,0.0,0.0,1920-01-01,01-Jan-1920,,40.0,1.0,0 days,FLOPCLOR|SUNRISECORP,1,only one session,Радослава Димитрова,,,,February,2023,Monday,06-Feb-2023 12:30:00,23-Jan-2023,06-Feb-2023
2023-02-06 17:00:00,2023-02-06 17:50:00,Nash,Harding,359819132229,nash.harding@msn.com,ModernTech: Тренинг за лидери на живо | Leadership training in person,Калина Петрова | Kalina Petrova,0.0,no,0.0,,,2023-01-30,,a client,ModernTech,n.harding@moderntech.com,,977195340,,|Nash|Harding|,NASH,HARDING,Nash Harding,NAARDHAR,На живо,MODERNTECH,9999.0,0.0,0.0,1920-01-01,01-Jan-1920,,40.0,1.0,0 days,NAARDHAR|MODERNTECH,23,more then one session,Калина Петрова,,,,February,2023,Monday,06-Feb-2023 17:00:00,30-Jan-2023,06-Feb-2023
2023-02-06 18:00:00,2023-02-06 18:50:00,Павлинчо,Куртакова,359818125925,pavlincho.kurtakova@abv.bg,Novex: Онлайн тренинг за лидери|Online leadership training,София Димитрова | Sofia Dimitrova,0.0,no,0.0,,,2023-02-01,,a client,Novex,pavlincho.kurtakova@abv.bg,Viber,978292430,,|Павлинчо|Куртакова|,PAVLINCHO,KURTAKOVA,Pavlincho Kurtakova,PAURTAVL,Онлайн,NOVEX,12.0,0.0,0.0,2022-04-01,31-Mar-2023,,50.0,1.0,364 days,PAURTAVL|NOVEX,10,more then one session,София Димитрова,NOVEX|PAURTAVL,10.0,2.0,February,2023,Monday,06-Feb-2023 18:00:00,01-Feb-2023,06-Feb-2023
2023-02-07 10:00:00,2023-02-07 10:50:00,Matthew,Park,882112111,matthew.park@gmail.com,Novex: Онлайн тренинг за лидери|Online leadership training,Калина Петрова | Kalina Petrova,0.0,no,0.0,,,2023-02-03,,a client,Novex,matthew.park@gmail.com,Zoom,979906824,,|Matthew|Park|,MATTHEW,PARK,Matthew Park,MAARKATT,Онлайн,NOVEX,12.0,0.0,0.0,2022-04-01,31-Mar-2023,,50.0,1.0,364 days,MAARKATT|NOVEX,6,more then one session,Калина Петрова,NOVEX|MAARKATT,6.0,6.0,February,2023,Tuesday,07-Feb-2023 10:00:00,03-Feb-2023,07-Feb-2023
2023-02-07 12:00:00,2023-02-07 12:50:00,Янеслав,Кодуков,881011382,yaneslav.kodukov@yahoo.com,Novex: Тренинг за лидери на живо | Leadership training in person,Веселин Стефанов | Veselin Stefanov,0.0,no,0.0,,,2023-01-29,,a client,Novex,y.kodukov@novex.com,,976416531,,|Янеслав|Кодуков|,YANESLAV,KODUKOV,Yaneslav Kodukov,YAODUKOD,На живо,NOVEX,12.0,0.0,0.0,2022-04-01,31-Mar-2023,,50.0,1.0,364 days,YAODUKOD|NOVEX,2,more then one session,Веселин Стефанов,NOVEX|YAODUKOD,2.0,10.0,February,2023,Tuesday,07-Feb-2023 12:00:00,29-Jan-2023,07-Feb-2023
2023-02-07 14:30:00,2023-02-07 15:20:00,Хрисо,Габровлиева,889532182,xriso.gabrovlieva@mail.bg,Swift Systems: Тренинг за лидери на живо | Leadership training in person,Веселин Стефанов | Veselin Stefanov,0.0,no,0.0,,,2023-01-25,,a trainer,,,,973868230,"2,",|Хрисо|Габровлиева|,HRISO,GABROVLIEVA,Hriso Gabrovlieva,HRABRRIS,На живо,SWIFT SYSTEMS,9999.0,0.0,0.0,2022-04-01,30-Sep-2022,,50.0,1.0,182 days,HRABRRIS|SWIFT SYSTEMS,15,more then one session,Веселин Стефанов,,,,February,2023,Tuesday,07-Feb-2023 14:30:00,25-Jan-2023,07-Feb-2023
2023-02-07 16:00:00,2023-02-07 16:50:00,Izabelle,Castro,895203903,izabelle.castro@gmail.com,SunriseCorp: Онлайн тренинг за лидери | Online leadership training,Георги Михайлов | Georgi Mihaylov,0.0,no,0.0,,,2023-01-23,,a client,SunriseCorp,i.castro@sunrisecorp.com,Zoom,972425064,,|Izabelle|Castro|,IZABELLE,CASTRO,Izabelle Castro,IZASTCAS,Онлайн,SUNRISECORP,9999.0,0.0,0.0,1920-01-01,01-Jan-1920,,40.0,1.0,0 days,IZASTCAS|SUNRISECORP,1,only one session,Георги Михайлов,,,,February,2023,Tuesday,07-Feb-2023 16:00:00,23-Jan-2023,07-Feb-2023
2023-02-07 16:00:00,2023-02-07 16:50:00,Георги,Парашкевов,888811192,georgi.parashkevov@mail.bg,Swift Systems: Онлайн тренинг за лидери | Online leadership training,Димитър Георгиев | Dimitar Georgiev,0.0,no,0.0,,,2023-01-31,,a client,Swift Systems,g.parashkevov@swift.systems.com,Viber,977549271,,|Георги|Парашкевов|,GEORGI,PARASHKEVOV,Georgi Parashkevov,GEARAPAR,Онлайн,SWIFT SYSTEMS,9999.0,0.0,0.0,2022-04-01,30-Sep-2022,,50.0,1.0,182 days,GEARAPAR|SWIFT SYSTEMS,47,more then one session,Димитър Георгиев,,,,February,2023,Tuesday,07-Feb-2023 16:00:00,31-Jan-2023,07-Feb-2023
2023-02-07 16:30:00,2023-02-07 17:20:00,Angela,Miranda,882222093,angela.miranda@yahoo.co.uk,Swift Systems: Тренинг за лидери на живо | Leadership training in person,Теодора Йорданова | Teodora Yordanova,0.0,no,0.0,,,2023-01-30,,a client,Swift Systems,a.miranda@swift.systems.com,,976736299,,|Angela|Miranda|,ANGELA,MIRANDA,Angela Miranda,ANIRAMIR,На живо,SWIFT SYSTEMS,9999.0,0.0,0.0,2022-04-01,30-Sep-2022,,50.0,1.0,182 days,ANIRAMIR|SWIFT SYSTEMS,40,more then one session,Теодора Йорданова,,,,February,2023,Tuesday,07-Feb-2023 16:30:00,30-Jan-2023,07-Feb-2023
2023-02-07 18:30:00,2023-02-07 19:20:00,Carter,Hanson,393229510223,carter.hanson@yahoo.co.uk,iNdigo | Nexern | Conzap: Онлайн тренинг за лидери | Online leadership training,Радослав Иванов | Radoslav Ivanov,0.0,no,0.0,,,2023-02-02,,a client,iNdigo,c.hanson@indigo.com,Skype,979062749,,|Carter|Hanson|,CARTER,HANSON,Carter Hanson,CAANSHAN,Онлайн,INDIGO,5.0,0.0,0.0,2021-11-15,15-Nov-2022,online only,50.0,1.0,365 days,CAANSHAN|INDIGO,1,only one session,Радослав Иванов,,,,February,2023,Tuesday,07-Feb-2023 18:30:00,02-Feb-2023,07-Feb-2023
2023-02-08 09:00:00,2023-02-08 09:50:00,Macie,Jefferson,885222200,macie.jefferson@yahoo.co.uk,Swift Systems: Тренинг за лидери на живо | Leadership training in person,Жана Иванова | Zhana Ivanova,0.0,no,0.0,,,2023-02-01,,a client,Swift Systems,m.jefferson@swift.systems.com,,978292190,,|Macie|Jefferson|,MACIE,JEFFERSON,Macie Jefferson,MAEFFJEF,На живо,SWIFT SYSTEMS,9999.0,0.0,0.0,2022-04-01,30-Sep-2022,,50.0,1.0,182 days,MAEFFJEF|SWIFT SYSTEMS,14,more then one session,Жана Иванова,,,,February,2023,Wednesday,08-Feb-2023 09:00:00,01-Feb-2023,08-Feb-2023
2023-02-08 10:00:00,2023-02-08 10:50:00,Шино,Яназов,883210110,shino.yanazov@yahoo.com,Swift Systems: Тренинг за лидери на живо | Leadership training in person,Георги Михайлов | Georgi Mihaylov,0.0,no,0.0,,,2023-01-20,,a trainer,BlueNova,s.yanazov@bluenova.com,,971015150,,|Шино|Яназов|,SHINO,YANAZOV,Shino Yanazov,SHANAYAN,На живо,SWIFT SYSTEMS,9999.0,0.0,0.0,2022-04-01,30-Sep-2022,,50.0,1.0,182 days,SHANAYAN|SWIFT SYSTEMS,23,more then one session,Георги Михайлов,,,,February,2023,Wednesday,08-Feb-2023 10:00:00,20-Jan-2023,08-Feb-2023
2023-02-08 11:00:00,2023-02-08 11:50:00,Derick,Mcbride,895129282,derick.mcbride@yandex.ru,Novex: Тренинг за лидери на живо | Leadership training in person,Валентинка Петкова | Valentinaka Petkova,0.0,no,0.0,,,2023-02-03,,a client,Novex,d.mcbride@novex.com,,979808115,,|Derick|Mcbride|,DERICK,MCBRIDE,Derick Mcbride,DECBRMCB,На живо,NOVEX,12.0,0.0,0.0,2022-04-01,31-Mar-2023,,50.0,1.0,364 days,DECBRMCB|NOVEX,4,more then one session,Валентинка Петкова,NOVEX|DECBRMCB,4.0,8.0,February,2023,Wednesday,08-Feb-2023 11:00:00,03-Feb-2023,08-Feb-2023
2023-02-08 13:00:00,2023-02-08 13:50:00,Петрийка,Крушовска,888998028,petrijka.krushovska@mail.bg,SunriseCorp: Тренинг за лидери на живо | Leadership training in person,Валентинка Петкова | Valentinaka Petkova,0.0,no,0.0,,,2023-02-02,,a client,SunriseCorp,p.krushovska@sunrisecorp.com,,979026665,,|Петрийка|Крушовска|,PETRIYKA,KRUSHOVSKA,Petriyka Krushovska,PERUSKRU,На живо,SUNRISECORP,9999.0,0.0,0.0,1920-01-01,01-Jan-1920,,40.0,1.0,0 days,PERUSKRU|SUNRISECORP,3,more then one session,Валентинка Петкова,,,,February,2023,Wednesday,08-Feb-2023 13:00:00,02-Feb-2023,08-Feb-2023
2023-02-08 14:30:00,2023-02-08 15:20:00,Тодорин,Градинарова,811212213,todorin.gradinarova@yahoo.com,QuantumPeak:Тренинг за лидери на живо | Leadership training in person,Георги Михайлов | Georgi Mihaylov,0.0,no,0.0,,,2023-02-07,,a trainer,QuantumPeak,t.gradinarova@quantumpeak.com,,982030107,,|Тодорин|Градинарова|,TODORIN,GRADINAROVA,Todorin Gradinarova,TORADGRA,На живо,QUANTUMPEAK,20.0,0.0,0.0,2022-05-01,30-Apr-2023,,40.0,1.0,364 days,TORADGRA|QUANTUMPEAK,4,more then one session,Георги Михайлов,QUANTUMPEAK|TORADGRA,4.0,16.0,February,2023,Wednesday,08-Feb-2023 14:30:00,07-Feb-2023,08-Feb-2023
2023-02-08 15:30:00,2023-02-08 16:20:00,Мимоза,Пътечкова,883323212,mimoza.patechkova@gmail.com,Novex: Онлайн тренинг за лидери|Online leadership training,Веселин Стефанов | Veselin Stefanov,0.0,no,0.0,,,2023-01-25,,client logged in asmimoza.patechkova@gmail.com,Novex,m.patechkova@novex.com,"Zoom, Viber",973888534,"9,",|Мимоза|Пътечкова|,MIMOZA,PATECHKOVA,Mimoza Patechkova,MIATEPAT,Онлайн,NOVEX,12.0,0.0,0.0,2022-04-01,31-Mar-2023,,50.0,1.0,364 days,MIATEPAT|NOVEX,37,more then one session,Веселин Стефанов,NOVEX|MIATEPAT,37.0,-25.0,February,2023,Wednesday,08-Feb-2023 15:30:00,25-Jan-2023,08-Feb-2023
2023-02-08 16:00:00,2023-02-08 16:50:00,Маргарит,Бобев,888121512,margarit.bobev@gmail.com,Zetron: Тренинг за лидери на живо | Leadership training in person,Валентинка Петкова | Valentinaka Petkova,0.0,no,0.0,,,2023-01-26,,a client,Zetron,m.bobev@zetron.com,,974606814,,|Маргарит|Бобев|,MARGARIT,BOBEV,Margarit Bobev,MAOBEBOB,На живо,ZETRON,2.0,0.0,0.0,2022-06-01,31-Dec-2022,1,50.0,1.0,213 days,MAOBEBOB|ZETRON,5,more then one session,Валентинка Петкова,,,,February,2023,Wednesday,08-Feb-2023 16:00:00,26-Jan-2023,08-Feb-2023
2023-02-08 16:00:00,2023-02-08 16:50:00,Фуга,Сланинкова,883312022,fuga.slaninkova@abv.bg,Novex: Онлайн тренинг за лидери|Online leadership training,Калина Петрова | Kalina Petrova,0.0,no,0.0,,,2023-02-06,,a client,Novex,f.slaninkova@novex.com,Zoom,981436063,"9,",|Фуга|Сланинкова|,FUGA,SLANINKOVA,Fuga Slaninkova,FULANSLA,Онлайн,NOVEX,12.0,0.0,0.0,2022-04-01,31-Mar-2023,,50.0,1.0,364 days,FULANSLA|NOVEX,11,more then one session,Калина Петрова,NOVEX|FULANSLA,11.0,1.0,February,2023,Wednesday,08-Feb-2023 16:00:00,06-Feb-2023,08-Feb-2023
2023-02-08 16:30:00,2023-02-08 17:20:00,Мимоза,Пътечкова,883323212,mimoza.patechkova@gmail.com,Novex: Онлайн тренинг за лидери|Online leadership training,Веселин Стефанов | Veselin Stefanov,0.0,no,0.0,,,2023-01-25,,client logged in asmimoza.patechkova@gmail.com,Novex,m.patechkova@novex.com,"Zoom, Viber",973888701,"9,",|Мимоза|Пътечкова|,MIMOZA,PATECHKOVA,Mimoza Patechkova,MIATEPAT,Онлайн,NOVEX,12.0,0.0,0.0,2022-04-01,31-Mar-2023,,50.0,1.0,364 days,MIATEPAT|NOVEX,37,more then one session,Веселин Стефанов,NOVEX|MIATEPAT,37.0,-25.0,February,2023,Wednesday,08-Feb-2023 16:30:00,25-Jan-2023,08-Feb-2023
2023-02-08 16:30:00,2023-02-08 17:20:00,Захаринка,Многознаева,888102255,zaxarinka.mnogoznaeva@yahoo.com,Swift Systems: Тренинг за лидери на живо | Leadership training in person,Цветелина Петрова | Tsvetelina Petrova,0.0,no,0.0,,,2023-02-03,,a trainer,Swift Systems,z.mnogoznaeva@swift.systems.com,,979827514,,|Захаринка|Многознаева|,ZAHARINKA,MNOGOZNAEVA,Zaharinka Mnogoznaeva,ZANOGMNO,На живо,SWIFT SYSTEMS,9999.0,0.0,0.0,2022-04-01,30-Sep-2022,,50.0,1.0,182 days,ZANOGMNO|SWIFT SYSTEMS,24,more then one session,Цветелина Петрова,,,,February,2023,Wednesday,08-Feb-2023 16:30:00,03-Feb-2023,08-Feb-2023
2023-02-08 17:00:00,2023-02-08 17:50:00,Звездислав,Лимонадов,883328221,zvezdislav.limonadov@mail.bg,ModernTech: Тренинг за лидери на живо | Leadership training in person,Димитър Петров | Dimitar Petrov,0.0,no,0.0,,,2023-02-03,,a client,ModernTech,z.limonadov@moderntech.com,,979753811,,|Звездислав|Лимонадов|,ZVEZDISLAV,LIMONADOV,Zvezdislav Limonadov,ZVIMOLIM,На живо,MODERNTECH,9999.0,0.0,0.0,1920-01-01,01-Jan-1920,,40.0,1.0,0 days,ZVIMOLIM|MODERNTECH,15,more then one session,Димитър Петров,,,,February,2023,Wednesday,08-Feb-2023 17:00:00,03-Feb-2023,08-Feb-2023
2023-02-08 18:00:00,2023-02-08 18:50:00,Александрина,Ждраков,359882281922,aleksandrina.zhdrakov@yahoo.com,Novex: Тренинг за лидери на живо | Leadership training in person,Димитър Петров | Dimitar Petrov,0.0,no,0.0,,,2023-01-12,,a client,Novex,aleksandrina.zhdrakov@yahoo.com,,966207569,,|Александрина|Ждраков|,ALEKSANDRINA,ZHDRAKOV,Aleksandrina Zhdrakov,ALHDRLEK,На живо,NOVEX,12.0,0.0,0.0,2022-04-01,31-Mar-2023,,50.0,1.0,364 days,ALHDRLEK|NOVEX,4,more then one session,Димитър Петров,NOVEX|ALHDRLEK,4.0,8.0,February,2023,Wednesday,08-Feb-2023 18:00:00,12-Jan-2023,08-Feb-2023
2023-02-08 18:00:00,2023-02-08 18:50:00,Heaven,Austin,812892313,heaven.austin@gmail.com,iNdigo | Nexern | Conzap: Онлайн тренинг за лидери | Online leadership training,Жана Иванова | Zhana Ivanova,0.0,no,0.0,,,2023-01-30,,a client,iNdigo,h.austin@indigo.com,Google Meet,976705787,,|Heaven|Austin|,HEAVEN,AUSTIN,Heaven Austin,HEUSTAUS,Онлайн,INDIGO,5.0,0.0,0.0,2021-11-15,15-Nov-2022,online only,50.0,1.0,365 days,HEUSTAUS|INDIGO,2,more then one session,Жана Иванова,,,,February,2023,Wednesday,08-Feb-2023 18:00:00,30-Jan-2023,08-Feb-2023
2023-02-08 18:30:00,2023-02-08 19:20:00,Пейолина,Бележкова,883353102,pejolina.belezhkova@abv.bg,Swift Systems: Онлайн тренинг за лидери | Online leadership training,София Димитрова | Sofia Dimitrova,0.0,no,0.0,,,2023-02-07,,a client,Swift Systems,pejolina.belezhkova@abv.bg,Google Meet,982221436,,|Пейолина|Бележкова|,PEYOLINA,BELEZHKOVA,Peyolina Belezhkova,PEELEEJO,Онлайн,SWIFT SYSTEMS,9999.0,0.0,0.0,2022-04-01,30-Sep-2022,,50.0,1.0,182 days,PEELEEJO|SWIFT SYSTEMS,10,more then one session,София Димитрова,,,,February,2023,Wednesday,08-Feb-2023 18:30:00,07-Feb-2023,08-Feb-2023
2023-02-08 20:00:00,2023-02-08 20:50:00,Ширко,Клатикрушев,885521133,shirko.klatikrushev@yahoo.com,Swift Systems: Тренинг за лидери на живо | Leadership training in person,Радослав Иванов | Radoslav Ivanov,0.0,no,0.0,,,2023-02-03,,client logged in asshirko.klatikrushev@yahoo.com,Swift Systems,s.klatikrushev@swift.systems.com,,980140739,,|Ширко|Клатикрушев|,SHIRKO,KLATIKRUSHEV,Shirko Klatikrushev,SHLATKLA,На живо,SWIFT SYSTEMS,9999.0,0.0,0.0,2022-04-01,30-Sep-2022,,50.0,1.0,182 days,SHLATKLA|SWIFT SYSTEMS,38,more then one session,Радослав Иванов,,,,February,2023,Wednesday,08-Feb-2023 20:00:00,03-Feb-2023,08-Feb-2023
2023-02-09 08:30:00,2023-02-09 09:20:00,Стоимена,Кукуряшков,889133322,stoimena.kukuryashkov@abv.bg,Swift Systems: Тренинг за лидери на живо | Leadership training in person,Георги Михайлов | Georgi Mihaylov,0.0,no,0.0,,,2023-02-06,,a trainer,Swift Systems,s.kukuryashkov@swift.systems.com,,981425405,,|Стоимена|Кукуряшков|,STOIMENA,KUKURYASHKOV,Stoimena Kukuryashkov,STUKUKUK,На живо,SWIFT SYSTEMS,9999.0,0.0,0.0,2022-04-01,30-Sep-2022,,50.0,1.0,182 days,STUKUKUK|SWIFT SYSTEMS,21,more then one session,Георги Михайлов,,,,February,2023,Thursday,09-Feb-2023 08:30:00,06-Feb-2023,09-Feb-2023
2023-02-09 09:30:00,2023-02-09 10:20:00,Paige,Chan,359819023102,paige.chan@yandex.ru,Novex: Тренинг за лидери на живо | Leadership training in person,Радослав Иванов | Radoslav Ivanov,0.0,no,0.0,,,2023-01-31,,a client,Novex,p.chan@novex.com,,977625151,,|Paige|Chan|,PAIGE,CHAN,Paige Chan,PAHANCHA,На живо,NOVEX,12.0,0.0,0.0,2022-04-01,31-Mar-2023,,50.0,1.0,364 days,PAHANCHA|NOVEX,5,more then one session,Радослав Иванов,NOVEX|PAHANCHA,5.0,7.0,February,2023,Thursday,09-Feb-2023 09:30:00,31-Jan-2023,09-Feb-2023
2023-02-09 10:00:00,2023-02-09 10:50:00,Клара,Катърова,359812210222,klara.katarova@abv.bg,Novex: Онлайн тренинг за лидери|Online leadership training,Калина Петрова | Kalina Petrova,0.0,no,0.0,,,2023-01-25,,client logged in asklara.katarova@abv.bg,Novex,k.katarova@novex.com,Zoom,973862210,,|Клара|Катърова|,KLARA,KATAROVA,Klara Katarova,KLATAKAT,Онлайн,NOVEX,12.0,0.0,0.0,2022-04-01,31-Mar-2023,,50.0,1.0,364 days,KLATAKAT|NOVEX,8,more then one session,Калина Петрова,NOVEX|KLATAKAT,7.0,5.0,February,2023,Thursday,09-Feb-2023 10:00:00,25-Jan-2023,09-Feb-2023
2023-02-09 12:00:00,2023-02-09 12:50:00,Простисвета,Яков,811221151,prostisveta.yakov@gmail.com,Novex: Тренинг за лидери на живо | Leadership training in person,Георги Михайлов | Georgi Mihaylov,0.0,no,0.0,,,2023-01-26,,a client,Novex,p.yakov@novex.com,,974641455,,|Простисвета|Яков|,PROSTISVETA,YAKOV,Prostisveta Yakov,PRAKOYAK,На живо,NOVEX,12.0,0.0,0.0,2022-04-01,31-Mar-2023,,50.0,1.0,364 days,PRAKOYAK|NOVEX,3,more then one session,Георги Михайлов,NOVEX|PRAKOYAK,3.0,9.0,February,2023,Thursday,09-Feb-2023 12:00:00,26-Jan-2023,09-Feb-2023
2023-02-09 13:30:00,2023-02-09 14:20:00,Хектор,Крушовска,883528082,xektor.krushovska@mail.bg,Swift Systems: Тренинг за лидери на живо | Leadership training in person,Цветелина Петрова | Tsvetelina Petrova,0.0,no,0.0,,,2023-02-03,,a trainer,Swift Systems,x.krushovska@swift.systems.com,,979828068,,|Хектор|Крушовска|,HEKTOR,KRUSHOVSKA,Hektor Krushovska,HERUSKRU,На живо,SWIFT SYSTEMS,9999.0,0.0,0.0,2022-04-01,30-Sep-2022,,50.0,1.0,182 days,HERUSKRU|SWIFT SYSTEMS,26,more then one session,Цветелина Петрова,,,,February,2023,Thursday,09-Feb-2023 13:30:00,03-Feb-2023,09-Feb-2023
2023-02-09 13:30:00,2023-02-09 14:20:00,Дуда,Бележкова,885921292,duda.belezhkova@abv.bg,Swift Systems: Онлайн тренинг за лидери | Online leadership training,Георги Михайлов | Georgi Mihaylov,0.0,no,0.0,,,2023-02-06,,a trainer,Swift Systems,d.belezhkova@swift.systems.com,Google Meet,981426464,,|Дуда|Бележкова|,DUDA,BELEZHKOVA,Duda Belezhkova,DUELEBEL,Онлайн,SWIFT SYSTEMS,9999.0,0.0,0.0,2022-04-01,30-Sep-2022,,50.0,1.0,182 days,DUELEBEL|SWIFT SYSTEMS,21,more then one session,Георги Михайлов,,,,February,2023,Thursday,09-Feb-2023 13:30:00,06-Feb-2023,09-Feb-2023
2023-02-09 14:30:00,2023-02-09 15:20:00,Шино,Яназов,883210110,shino.yanazov@yahoo.com,Swift Systems: Онлайн тренинг за лидери | Online leadership training,Георги Михайлов | Georgi Mihaylov,0.0,no,0.0,,,2023-02-06,,a trainer,BlueNova,s.yanazov@bluenova.com,Google Meet,981427452,,|Шино|Яназов|,SHINO,YANAZOV,Shino Yanazov,SHANAYAN,Онлайн,SWIFT SYSTEMS,9999.0,0.0,0.0,2022-04-01,30-Sep-2022,,50.0,1.0,182 days,SHANAYAN|SWIFT SYSTEMS,23,more then one session,Георги Михайлов,,,,February,2023,Thursday,09-Feb-2023 14:30:00,06-Feb-2023,09-Feb-2023
2023-02-09 15:00:00,2023-02-09 15:50:00,Luke,Mayer,899321552,luke.mayer@yandex.ru,Novex: Онлайн тренинг за лидери|Online leadership training,Любомира Иванова | Lyubomira Ivanova,0.0,no,0.0,,,2023-02-02,,a client,Novex,l.mayer@novex.com,Zoom,979133564,,|Luke|Mayer|,LUKE,MAYER,Luke Mayer,LUAYEMAY,Онлайн,NOVEX,12.0,0.0,0.0,2022-04-01,31-Mar-2023,,50.0,1.0,364 days,LUAYEMAY|NOVEX,6,more then one session,Любомира Иванова,NOVEX|LUAYEMAY,6.0,6.0,February,2023,Thursday,09-Feb-2023 15:00:00,02-Feb-2023,09-Feb-2023
2023-02-09 15:00:00,2023-02-09 15:50:00,Angela,Miranda,882222093,angela.miranda@yahoo.co.uk,Swift Systems: Тренинг за лидери на живо | Leadership training in person,Валентинка Петкова | Valentinaka Petkova,0.0,no,0.0,,,2023-02-07,,a client,Swift Systems,a.miranda@swift.systems.com,,982036890,,|Angela|Miranda|,ANGELA,MIRANDA,Angela Miranda,ANIRAMIR,На живо,SWIFT SYSTEMS,9999.0,0.0,0.0,2022-04-01,30-Sep-2022,,50.0,1.0,182 days,ANIRAMIR|SWIFT SYSTEMS,40,more then one session,Валентинка Петкова,,,,February,2023,Thursday,09-Feb-2023 15:00:00,07-Feb-2023,09-Feb-2023
2023-02-09 16:00:00,2023-02-09 16:50:00,Derick,Mcbride,895129282,derick.mcbride@yandex.ru,Novex: Тренинг за лидери на живо | Leadership training in person,Валентинка Петкова | Valentinaka Petkova,0.0,no,0.0,,,2023-02-03,,a client,Novex,d.mcbride@novex.com,,979808398,,|Derick|Mcbride|,DERICK,MCBRIDE,Derick Mcbride,DECBRMCB,На живо,NOVEX,12.0,0.0,0.0,2022-04-01,31-Mar-2023,,50.0,1.0,364 days,DECBRMCB|NOVEX,4,more then one session,Валентинка Петкова,NOVEX|DECBRMCB,4.0,8.0,February,2023,Thursday,09-Feb-2023 16:00:00,03-Feb-2023,09-Feb-2023
2023-02-09 16:30:00,2023-02-09 17:20:00,Зафа,Тодорова,,,Test: Тренинг за лидери на живо | Leadership training in person,Михаил Димитров | Mihail Dimitrov,0.0,no,0.0,,,2023-01-31,,a trainer,,,,977561404,"2,3,4,",|Зафа|Тодорова|,ZAFA,TODOROVA,Zafa Todorova,ZAODOXXX,На живо,TEST,0.0,0.0,0.0,1920-01-01,01-Jan-1920,,0.0,0.0,0 days,ZAODOXXX|TEST,3,more then one session,Михаил Димитров,,,,February,2023,Thursday,09-Feb-2023 16:30:00,31-Jan-2023,09-Feb-2023
2023-02-09 18:00:00,2023-02-09 18:50:00,Гико,Пондьов,892821911,giko.pondaov@abv.bg,Swift Systems: Тренинг за лидери на живо | Leadership training in person,Димитър Петров | Dimitar Petrov,0.0,no,0.0,,,2023-01-30,,a client,Swift Systems,g.pondaov@swift.systems.com,,976736208,,|Гико|Пондьов|,GIKO,PONDYOV,Giko Pondyov,GIONDPON,На живо,SWIFT SYSTEMS,9999.0,0.0,0.0,2022-04-01,30-Sep-2022,,50.0,1.0,182 days,GIONDPON|SWIFT SYSTEMS,27,more then one session,Димитър Петров,,,,February,2023,Thursday,09-Feb-2023 18:00:00,30-Jan-2023,09-Feb-2023
2023-02-09 18:00:00,2023-02-09 18:50:00,Кети,Докова,893122212,keti.dokova@abv.bg,ModernTech: Онлайн тренинг за лидери | Online leadership training,София Димитрова | Sofia Dimitrova,0.0,no,0.0,,,2023-02-05,,a client,ModernTech,k.dokova@moderntech.com,Google Meet,980971141,,|Кети|Докова|,KETI,DOKOVA,Keti Dokova,KEOKODOK,Онлайн,MODERNTECH,9999.0,0.0,0.0,1920-01-01,01-Jan-1920,,40.0,1.0,0 days,KEOKODOK|MODERNTECH,7,more then one session,София Димитрова,,,,February,2023,Thursday,09-Feb-2023 18:00:00,05-Feb-2023,09-Feb-2023
2023-02-09 19:00:00,2023-02-09 19:50:00,Isla,Bell,892301913,isla.bell@yahoo.co.uk,Коучинг и себеразвитие на живо,Теодора Йорданова | Teodora Yordanova,0.0,no,0.0,,,2023-01-26,,a trainer,,,,974820916,"2,",|Isla|Bell|,ISLA,BELL,Isla Bell,ISELLSLA,На живо,КОУЧИНГ И СЕБЕРАЗВИТИЕ НА ЖИВО,0.0,0.0,0.0,1920-01-01,01-Jan-1920,,0.0,0.0,0 days,ISELLSLA|КОУЧИНГ И СЕБЕРАЗВИТИЕ НА ЖИВО,1,only one session,Теодора Йорданова,,,,February,2023,Thursday,09-Feb-2023 19:00:00,26-Jan-2023,09-Feb-2023
2023-02-09 19:00:00,2023-02-09 19:50:00,Флавия,Червенкова,882930050,flaviya.chervenkova@abv.bg,SunriseCorp: Онлайн тренинг за лидери | Online leadership training,Ангела Петкова | Angela Petkova,0.0,no,0.0,,,2023-02-06,,a client,SunriseCorp,f.chervenkova@sunrisecorp.com,Zoom,981298269,,|Флавия|Червенкова|,FLAVIYA,CHERVENKOVA,Flaviya Chervenkova,FLHERCHE,Онлайн,SUNRISECORP,9999.0,0.0,0.0,1920-01-01,01-Jan-1920,,40.0,1.0,0 days,FLHERCHE|SUNRISECORP,3,more then one session,Ангела Петкова,,,,February,2023,Thursday,09-Feb-2023 19:00:00,06-Feb-2023,09-Feb-2023
2023-02-09 19:00:00,2023-02-09 19:50:00,Георгица,Чупетловска,812200201,georgica.chupetlovska@yahoo.com,SunriseCorp: Онлайн тренинг за лидери | Online leadership training,София Димитрова | Sofia Dimitrova,0.0,no,0.0,,,2023-02-08,,a client,SunriseCorp,g.chupetlovska@sunrisecorp.com,"Zoom, Skype",982755024,,|Георгица|Чупетловска|,GEORGITSA,CHUPETLOVSKA,Georgitsa Chupetlovska,GEHUPCHU,Онлайн,SUNRISECORP,9999.0,0.0,0.0,1920-01-01,01-Jan-1920,,40.0,1.0,0 days,GEHUPCHU|SUNRISECORP,3,more then one session,София Димитрова,,,,February,2023,Thursday,09-Feb-2023 19:00:00,08-Feb-2023,09-Feb-2023
2023-02-10 13:00:00,2023-02-10 13:50:00,Павилия,Мангъфова,818221225,paviliya.mangafova@yahoo.com,SunriseCorp: Онлайн тренинг за лидери | Online leadership training,Жана Иванова | Zhana Ivanova,0.0,no,0.0,,,2023-01-30,,a client,SunriseCorp,paviliya.mangafova@yahoo.com,"Zoom, Google Meet",976752680,,|Павилия|Мангъфова|,PAVILIYA,MANGAFOVA,Paviliya Mangafova,PAANGAVI,Онлайн,SUNRISECORP,9999.0,0.0,0.0,1920-01-01,01-Jan-1920,,40.0,1.0,0 days,PAANGAVI|SUNRISECORP,4,more then one session,Жана Иванова,,,,February,2023,Friday,10-Feb-2023 13:00:00,30-Jan-2023,10-Feb-2023
2023-02-10 13:00:00,2023-02-10 13:50:00,Agustin,Ashley,889332922,agustin.ashley@yahoo.co.uk,SunriseCorp: Тренинг за лидери на живо | Leadership training in person,Валентинка Петкова | Valentinaka Petkova,0.0,no,0.0,,,2023-02-02,,a client,SunriseCorp,a.ashley@sunrisecorp.com,,979090732,,|Agustin|Ashley|,AGUSTIN,ASHLEY,Agustin Ashley,AGSHLASH,На живо,SUNRISECORP,9999.0,0.0,0.0,1920-01-01,01-Jan-1920,,40.0,1.0,0 days,AGSHLASH|SUNRISECORP,5,more then one session,Валентинка Петкова,,,,February,2023,Friday,10-Feb-2023 13:00:00,02-Feb-2023,10-Feb-2023
2023-02-10 13:30:00,2023-02-10 14:20:00,Пато,Скринска,888898932,pato.skrinska@abv.bg,Zetron: Онлайн тренинг за лидери | Online leadership training,Камен Георгиев | Kamen Georgiev,0.0,no,0.0,,,2023-02-06,,a client,Zetron,p.skrinska@zetron.com,Zoom,981272246,,|Пато|Скринска|,PATO,SKRINSKA,Pato Skrinska,PAKRISKR,Онлайн,ZETRON,2.0,0.0,0.0,2022-06-01,31-Dec-2022,1,50.0,1.0,213 days,PAKRISKR|ZETRON,5,more then one session,Камен Георгиев,,,,February,2023,Friday,10-Feb-2023 13:30:00,06-Feb-2023,10-Feb-2023
2023-02-10 15:00:00,2023-02-10 15:50:00,Gavin,Miller,891052039,gavin.miller@msn.com,WiseWay: Онлайн тренинг за лидери | Online leadership training,Калина Петрова | Kalina Petrova,0.0,no,0.0,,,2023-02-09,,a client,WiseWay,g.miller@wiseway.com,"Zoom, Skype, Viber, Google Meet",983522696,,|Gavin|Miller|,GAVIN,MILLER,Gavin Miller,GAILLMIL,Онлайн,WISEWAY,6.0,0.0,0.0,2022-02-01,31-Jan-2023,,50.0,1.0,364 days,GAILLMIL|WISEWAY,5,more then one session,Калина Петрова,,,,February,2023,Friday,10-Feb-2023 15:00:00,09-Feb-2023,10-Feb-2023
2023-02-11 11:00:00,2023-02-11 11:50:00,Антоалина,Монтянов,882230828,antoalina.montyanov@gmail.com,SunriseCorp: Онлайн тренинг за лидери | Online leadership training,София Димитрова | Sofia Dimitrova,0.0,no,0.0,,,2023-02-07,,a client,SunriseCorp,a.montyanov@sunrisecorp.com,"Zoom, Viber",982053479,,|Антоалина|Монтянов|,ANTOALINA,MONTYANOV,Antoalina Montyanov,ANONTMON,Онлайн,SUNRISECORP,9999.0,0.0,0.0,1920-01-01,01-Jan-1920,,40.0,1.0,0 days,ANONTMON|SUNRISECORP,4,more then one session,София Димитрова,,,,February,2023,Saturday,11-Feb-2023 11:00:00,07-Feb-2023,11-Feb-2023
2023-02-12 13:00:00,2023-02-12 13:50:00,Винету,Яркова,882988220,vinetu.yarkova@abv.bg,WiseWay: Тренинг за лидери на живо | Leadership training in person,Камен Георгиев | Kamen Georgiev,0.0,no,0.0,,,2023-02-09,,a client,WiseWay,v.yarkova@wiseway.com,,983506289,,|Винету|Яркова|,VINETU,YARKOVA,Vinetu Yarkova,VIARKYAR,На живо,WISEWAY,6.0,0.0,0.0,2022-02-01,31-Jan-2023,,50.0,1.0,364 days,VIARKYAR|WISEWAY,7,more then one session,Камен Георгиев,,,,February,2023,Sunday,12-Feb-2023 13:00:00,09-Feb-2023,12-Feb-2023
2023-02-13 11:00:00,2023-02-13 11:50:00,Параскев,Миленков,819819818,paraskev.milenkov@abv.bg,SunriseCorp: Тренинг за лидери на живо | Leadership training in person,Георги Михайлов | Georgi Mihaylov,0.0,no,0.0,,,2023-02-07,,a client,SunriseCorp,p.milenkov@sunrisecorp.com,,982056981,,|Параскев|Миленков|,PARASKEV,MILENKOV,Paraskev Milenkov,PAILEMIL,На живо,SUNRISECORP,9999.0,0.0,0.0,1920-01-01,01-Jan-1920,,40.0,1.0,0 days,PAILEMIL|SUNRISECORP,2,more then one session,Георги Михайлов,,,,February,2023,Monday,13-Feb-2023 11:00:00,07-Feb-2023,13-Feb-2023
2023-02-13 14:00:00,2023-02-13 15:30:00,Кевин,Плюнкова,881022293,kevin.plyunkova@mail.bg,WiseWay: Онлайн коучинг сесия | Online coaching session,Стефан Митев | Stefan Mitev,0.0,no,0.0,,,2023-02-09,,a client,WiseWay,k.plyunkova@wiseway.com,Zoom,983515493,,|Кевин|Плюнкова|,KEVIN,PLYUNKOVA,Kevin Plyunkova,KELYUPLY,Онлайн,WISEWAY,6.0,0.0,0.0,2022-02-01,31-Jan-2023,,50.0,1.0,364 days,KELYUPLY|WISEWAY,1,only one session,Стефан Митев,,,,February,2023,Monday,13-Feb-2023 14:00:00,09-Feb-2023,13-Feb-2023
2023-02-13 15:00:00,2023-02-13 15:50:00,Manuel,Ballard,881522253,manuel.ballard@msn.com,SunriseCorp: Тренинг за лидери на живо | Leadership training in person,Калина Петрова | Kalina Petrova,0.0,no,0.0,,,2023-01-28,,a client,SunriseCorp,m.ballard@sunrisecorp.com,,975878078,,|Manuel|Ballard|,MANUEL,BALLARD,Manuel Ballard,MAALLBAL,На живо,SUNRISECORP,9999.0,0.0,0.0,1920-01-01,01-Jan-1920,,40.0,1.0,0 days,MAALLBAL|SUNRISECORP,2,more then one session,Калина Петрова,,,,February,2023,Monday,13-Feb-2023 15:00:00,28-Jan-2023,13-Feb-2023
2023-02-13 16:00:00,2023-02-13 16:50:00,Ламби,Чуканов,,lambi.chukanov@mail.bg,Онлайн коучинг,Теодора Йорданова | Teodora Yordanova,0.0,no,0.0,,,2023-01-30,,a trainer,,,,976754479,"2,",|Ламби|Чуканов|,LAMBI,CHUKANOV,Lambi Chukanov,LAHUKAMB,Онлайн,ОНЛАЙН КОУЧИНГ,0.0,0.0,0.0,1920-01-01,01-Jan-1920,,0.0,0.0,0 days,LAHUKAMB|ОНЛАЙН КОУЧИНГ,12,more then one session,Теодора Йорданова,,,,February,2023,Monday,13-Feb-2023 16:00:00,30-Jan-2023,13-Feb-2023
2023-02-13 17:00:00,2023-02-13 17:50:00,Gavin,Miller,891052039,gavin.miller@msn.com,WiseWay: Онлайн тренинг за лидери | Online leadership training,Калина Петрова | Kalina Petrova,0.0,no,0.0,,,2023-02-10,,a client,WiseWay,g.miller@wiseway.com,,984237792,,|Gavin|Miller|,GAVIN,MILLER,Gavin Miller,GAILLMIL,Онлайн,WISEWAY,6.0,0.0,0.0,2022-02-01,31-Jan-2023,,50.0,1.0,364 days,GAILLMIL|WISEWAY,5,more then one session,Калина Петрова,,,,February,2023,Monday,13-Feb-2023 17:00:00,10-Feb-2023,13-Feb-2023
2023-02-13 17:30:00,2023-02-13 18:20:00,Щедра,Точева-Клопова,882313532,shhedra.tocheva-klopova@yahoo.com,Swift Systems: Тренинг за лидери на живо | Leadership training in person,Георги Михайлов | Georgi Mihaylov,0.0,no,0.0,,,2023-02-06,,a trainer,Swift Systems,s.tocheva-klopova@swift.systems.com,,981428798,,|Щедра|Точева-Клопова|,SHTEDRA,TOCHEVA-KLOPOVA,Shtedra Tocheva-Klopova,SHOCHTOC,На живо,SWIFT SYSTEMS,9999.0,0.0,0.0,2022-04-01,30-Sep-2022,,50.0,1.0,182 days,SHOCHTOC|SWIFT SYSTEMS,13,more then one session,Георги Михайлов,,,,February,2023,Monday,13-Feb-2023 17:30:00,06-Feb-2023,13-Feb-2023
2023-02-13 18:00:00,2023-02-13 18:50:00,Павлинчо,Куртакова,359818125925,pavlincho.kurtakova@abv.bg,Novex: Онлайн тренинг за лидери|Online leadership training,София Димитрова | Sofia Dimitrova,0.0,no,0.0,,,2023-02-01,,a client,Novex,pavlincho.kurtakova@abv.bg,Viber,978292686,,|Павлинчо|Куртакова|,PAVLINCHO,KURTAKOVA,Pavlincho Kurtakova,PAURTAVL,Онлайн,NOVEX,12.0,0.0,0.0,2022-04-01,31-Mar-2023,,50.0,1.0,364 days,PAURTAVL|NOVEX,10,more then one session,София Димитрова,NOVEX|PAURTAVL,10.0,2.0,February,2023,Monday,13-Feb-2023 18:00:00,01-Feb-2023,13-Feb-2023
2023-02-13 18:00:00,2023-02-13 18:50:00,Nash,Harding,359818132229,nash.harding@msn.com,ModernTech: Тренинг за лидери на живо | Leadership training in person,Калина Петрова | Kalina Petrova,0.0,no,0.0,,,2023-02-06,,a client,ModernTech,n.harding@moderntech.com,,981418843,,|Nash|Harding|,NASH,HARDING,Nash Harding,NAARDHAR,На живо,MODERNTECH,9999.0,0.0,0.0,1920-01-01,01-Jan-1920,,40.0,1.0,0 days,NAARDHAR|MODERNTECH,23,more then one session,Калина Петрова,,,,February,2023,Monday,13-Feb-2023 18:00:00,06-Feb-2023,13-Feb-2023
2023-02-14 08:30:00,2023-02-14 09:20:00,Лянка,Илиева,885201535,lyanka.ilieva@yahoo.com,Swift Systems: Онлайн тренинг за лидери | Online leadership training,Георги Михайлов | Georgi Mihaylov,0.0,no,0.0,,,2023-01-20,,a trainer,Swift Systems,l.ilieva@swift.systems.com,Zoom,971014842,,|Лянка|Илиева|,LYANKA,ILIEVA,Lyanka Ilieva,LYLIEILI,Онлайн,SWIFT SYSTEMS,9999.0,0.0,0.0,2022-04-01,30-Sep-2022,,50.0,1.0,182 days,LYLIEILI|SWIFT SYSTEMS,22,more then one session,Георги Михайлов,,,,February,2023,Tuesday,14-Feb-2023 08:30:00,20-Jan-2023,14-Feb-2023
2023-02-14 09:30:00,2023-02-14 10:20:00,Paige,Chan,359819023102,paige.chan@yandex.ru,Novex: Тренинг за лидери на живо | Leadership training in person,Радослав Иванов | Radoslav Ivanov,0.0,no,0.0,,,2023-02-09,,a client,Novex,p.chan@novex.com,,983481101,,|Paige|Chan|,PAIGE,CHAN,Paige Chan,PAHANCHA,На живо,NOVEX,12.0,0.0,0.0,2022-04-01,31-Mar-2023,,50.0,1.0,364 days,PAHANCHA|NOVEX,5,more then one session,Радослав Иванов,NOVEX|PAHANCHA,5.0,7.0,February,2023,Tuesday,14-Feb-2023 09:30:00,09-Feb-2023,14-Feb-2023
2023-02-14 11:00:00,2023-02-14 11:50:00,Божинел,Пенджакова,,bozhinel.pendzhakova@abv.bg,Онлайн коучинг,Теодора Йорданова | Teodora Yordanova,0.0,no,0.0,,,2023-02-13,,a trainer,,,,985314556,"2,",|Божинел|Пенджакова|,BOZHINEL,PENDZHAKOVA,Bozhinel Pendzhakova,BOENDOZH,Онлайн,ОНЛАЙН КОУЧИНГ,0.0,0.0,0.0,1920-01-01,01-Jan-1920,,0.0,0.0,0 days,BOENDOZH|ОНЛАЙН КОУЧИНГ,6,more then one session,Теодора Йорданова,,,,February,2023,Tuesday,14-Feb-2023 11:00:00,13-Feb-2023,14-Feb-2023
2023-02-14 11:00:00,2023-02-14 11:50:00,Makenzie,Landry,892521232,makenzie.landry@yahoo.co.uk,SunriseCorp: Онлайн тренинг за лидери | Online leadership training,Ангела Петкова | Angela Petkova,0.0,no,0.0,,,2023-02-13,,a client,SunriseCorp,m.landry@sunrisecorp.com,"Viber, Google Meet",985472101,,|Makenzie|Landry|,MAKENZIE,LANDRY,Makenzie Landry,MAANDLAN,Онлайн,SUNRISECORP,9999.0,0.0,0.0,1920-01-01,01-Jan-1920,,40.0,1.0,0 days,MAANDLAN|SUNRISECORP,1,only one session,Ангела Петкова,,,,February,2023,Tuesday,14-Feb-2023 11:00:00,13-Feb-2023,14-Feb-2023
2023-02-14 11:30:00,2023-02-14 12:20:00,Мимоза,Пътечкова,883323212,mimoza.patechkova@gmail.com,Novex: Онлайн тренинг за лидери|Online leadership training,Веселин Стефанов | Veselin Stefanov,0.0,no,0.0,,,2023-02-02,,client logged in asmimoza.patechkova@gmail.com,Novex,m.patechkova@novex.com,"Zoom, Viber",979135606,"9,",|Мимоза|Пътечкова|,MIMOZA,PATECHKOVA,Mimoza Patechkova,MIATEPAT,Онлайн,NOVEX,12.0,0.0,0.0,2022-04-01,31-Mar-2023,,50.0,1.0,364 days,MIATEPAT|NOVEX,37,more then one session,Веселин Стефанов,NOVEX|MIATEPAT,37.0,-25.0,February,2023,Tuesday,14-Feb-2023 11:30:00,02-Feb-2023,14-Feb-2023
2023-02-14 14:30:00,2023-02-14 15:20:00,Хрисо,Габровлиева,889532182,xriso.gabrovlieva@mail.bg,Swift Systems: Тренинг за лидери на живо | Leadership training in person,Веселин Стефанов | Veselin Stefanov,0.0,no,0.0,,,2023-02-07,,a trainer,,,,982106911,"2,",|Хрисо|Габровлиева|,HRISO,GABROVLIEVA,Hriso Gabrovlieva,HRABRRIS,На живо,SWIFT SYSTEMS,9999.0,0.0,0.0,2022-04-01,30-Sep-2022,,50.0,1.0,182 days,HRABRRIS|SWIFT SYSTEMS,15,more then one session,Веселин Стефанов,,,,February,2023,Tuesday,14-Feb-2023 14:30:00,07-Feb-2023,14-Feb-2023
2023-02-14 16:00:00,2023-02-14 16:50:00,Георги,Парашкевов,888811192,georgi.parashkevov@mail.bg,Swift Systems: Онлайн тренинг за лидери | Online leadership training,Димитър Георгиев | Dimitar Georgiev,0.0,no,0.0,,,2023-02-07,,a client,Swift Systems,g.parashkevov@swift.systems.com,Viber,982154533,,|Георги|Парашкевов|,GEORGI,PARASHKEVOV,Georgi Parashkevov,GEARAPAR,Онлайн,SWIFT SYSTEMS,9999.0,0.0,0.0,2022-04-01,30-Sep-2022,,50.0,1.0,182 days,GEARAPAR|SWIFT SYSTEMS,47,more then one session,Димитър Георгиев,,,,February,2023,Tuesday,14-Feb-2023 16:00:00,07-Feb-2023,14-Feb-2023
2023-02-15 10:00:00,2023-02-15 10:50:00,Шино,Яназов,883210110,shino.yanazov@yahoo.com,Swift Systems: Тренинг за лидери на живо | Leadership training in person,Георги Михайлов | Georgi Mihaylov,0.0,no,0.0,,,2023-01-20,,a trainer,BlueNova,s.yanazov@bluenova.com,,971015151,,|Шино|Яназов|,SHINO,YANAZOV,Shino Yanazov,SHANAYAN,На живо,SWIFT SYSTEMS,9999.0,0.0,0.0,2022-04-01,30-Sep-2022,,50.0,1.0,182 days,SHANAYAN|SWIFT SYSTEMS,23,more then one session,Георги Михайлов,,,,February,2023,Wednesday,15-Feb-2023 10:00:00,20-Jan-2023,15-Feb-2023
2023-02-15 10:00:00,2023-02-15 10:50:00,Клара,Катърова,359812210222,klara.katarova@abv.bg,Novex: Онлайн тренинг за лидери|Online leadership training,Калина Петрова | Kalina Petrova,0.0,no,0.0,,,2023-02-10,,a client,Novex,k.katarova@novex.com,Zoom,984154332,,|Клара|Катърова|,KLARA,KATAROVA,Klara Katarova,KLATAKAT,Онлайн,NOVEX,12.0,0.0,0.0,2022-04-01,31-Mar-2023,,50.0,1.0,364 days,KLATAKAT|NOVEX,8,more then one session,Калина Петрова,NOVEX|KLATAKAT,7.0,5.0,February,2023,Wednesday,15-Feb-2023 10:00:00,10-Feb-2023,15-Feb-2023
2023-02-15 10:30:00,2023-02-15 11:20:00,Drake,Lucero,883292222,drake.lucero@yandex.ru,SunriseCorp: Онлайн тренинг за лидери | Online leadership training,Жана Иванова | Zhana Ivanova,0.0,no,0.0,,,2023-02-06,,a client,SunriseCorp,drake.lucero@yandex.ru,"Zoom, Google Meet",981393557,,|Drake|Lucero|,DRAKE,LUCERO,Drake Lucero,DRUCERAK,Онлайн,SUNRISECORP,9999.0,0.0,0.0,1920-01-01,01-Jan-1920,,40.0,1.0,0 days,DRUCERAK|SUNRISECORP,1,only one session,Жана Иванова,,,,February,2023,Wednesday,15-Feb-2023 10:30:00,06-Feb-2023,15-Feb-2023
2023-02-15 11:00:00,2023-02-15 11:50:00,Виктория,Певецова,898291921,viktoriya.pevecova@mail.bg,Novex: Тренинг за лидери на живо | Leadership training in person,Димитър Георгиев | Dimitar Georgiev,0.0,no,0.0,,,2023-02-13,,a client,Novex,v.pevecova@novex.com,,985580547,"9,",|Виктория|Певецова|,VIKTORIYA,PEVETSOVA,Viktoriya Pevetsova,VIEVEPEV,На живо,NOVEX,12.0,0.0,0.0,2022-04-01,31-Mar-2023,,50.0,1.0,364 days,VIEVEPEV|NOVEX,15,more then one session,Димитър Георгиев,NOVEX|VIEVEPEV,15.0,-3.0,February,2023,Wednesday,15-Feb-2023 11:00:00,13-Feb-2023,15-Feb-2023
2023-02-15 12:00:00,2023-02-15 13:30:00,Илинда,Щонов,883552835,ilinda.shhonov@yahoo.com,WiseWay: Онлайн коучинг сесия | Online coaching session,Стефан Митев | Stefan Mitev,0.0,no,0.0,,,2023-02-09,,a client,WiseWay,ilinda.shhonov@yahoo.com,Zoom,983603503,,|Илинда|Щонов|,ILINDA,SHTONOV,Ilinda Shtonov,ILHTOLIN,Онлайн,WISEWAY,6.0,0.0,0.0,2022-02-01,31-Jan-2023,,50.0,1.0,364 days,ILHTOLIN|WISEWAY,1,only one session,Стефан Митев,,,,February,2023,Wednesday,15-Feb-2023 12:00:00,09-Feb-2023,15-Feb-2023
2023-02-15 13:00:00,2023-02-15 13:50:00,Хектор,Крушовска,883528082,xektor.krushovska@mail.bg,Swift Systems: Тренинг за лидери на живо | Leadership training in person,Цветелина Петрова | Tsvetelina Petrova,0.0,no,0.0,,,2023-02-10,,a trainer,Swift Systems,x.krushovska@swift.systems.com,,984149283,,|Хектор|Крушовска|,HEKTOR,KRUSHOVSKA,Hektor Krushovska,HERUSKRU,На живо,SWIFT SYSTEMS,9999.0,0.0,0.0,2022-04-01,30-Sep-2022,,50.0,1.0,182 days,HERUSKRU|SWIFT SYSTEMS,26,more then one session,Цветелина Петрова,,,,February,2023,Wednesday,15-Feb-2023 13:00:00,10-Feb-2023,15-Feb-2023
2023-02-15 13:00:00,2023-02-15 13:50:00,Derick,Mcbride,895129282,derick.mcbride@yandex.ru,Novex: Тренинг за лидери на живо | Leadership training in person,Валентинка Петкова | Valentinaka Petkova,0.0,no,0.0,,,2023-02-10,,a client,Novex,d.mcbride@novex.com,,984163689,,|Derick|Mcbride|,DERICK,MCBRIDE,Derick Mcbride,DECBRMCB,На живо,NOVEX,12.0,0.0,0.0,2022-04-01,31-Mar-2023,,50.0,1.0,364 days,DECBRMCB|NOVEX,4,more then one session,Валентинка Петкова,NOVEX|DECBRMCB,4.0,8.0,February,2023,Wednesday,15-Feb-2023 13:00:00,10-Feb-2023,15-Feb-2023
2023-02-15 14:00:00,2023-02-15 14:50:00,Яким,Бобев,889132521,yakim.bobev@mail.bg,Swift Systems: Онлайн тренинг за лидери | Online leadership training,Георги Михайлов | Georgi Mihaylov,0.0,no,0.0,,,2023-02-08,,a client,Swift Systems,y.bobev@swift.systems.com,Google Meet,982781521,,|Яким|Бобев|,YAKIM,BOBEV,Yakim Bobev,YAOBEBOB,Онлайн,SWIFT SYSTEMS,9999.0,0.0,0.0,2022-04-01,30-Sep-2022,,50.0,1.0,182 days,YAOBEBOB|SWIFT SYSTEMS,13,more then one session,Георги Михайлов,,,,February,2023,Wednesday,15-Feb-2023 14:00:00,08-Feb-2023,15-Feb-2023
2023-02-15 16:00:00,2023-02-15 16:50:00,Петрийка,Крушовска,888998028,petrijka.krushovska@mail.bg,SunriseCorp: Тренинг за лидери на живо | Leadership training in person,Валентинка Петкова | Valentinaka Petkova,0.0,no,0.0,,,2023-02-13,,a client,SunriseCorp,p.krushovska@sunrisecorp.com,,985521974,,|Петрийка|Крушовска|,PETRIYKA,KRUSHOVSKA,Petriyka Krushovska,PERUSKRU,На живо,SUNRISECORP,9999.0,0.0,0.0,1920-01-01,01-Jan-1920,,40.0,1.0,0 days,PERUSKRU|SUNRISECORP,3,more then one session,Валентинка Петкова,,,,February,2023,Wednesday,15-Feb-2023 16:00:00,13-Feb-2023,15-Feb-2023
2023-02-15 16:30:00,2023-02-15 17:20:00,Захаринка,Многознаева,888102255,zaxarinka.mnogoznaeva@yahoo.com,Swift Systems: Тренинг за лидери на живо | Leadership training in person,Цветелина Петрова | Tsvetelina Petrova,0.0,no,0.0,,,2023-02-10,,a trainer,Swift Systems,z.mnogoznaeva@swift.systems.com,,984148989,,|Захаринка|Многознаева|,ZAHARINKA,MNOGOZNAEVA,Zaharinka Mnogoznaeva,ZANOGMNO,На живо,SWIFT SYSTEMS,9999.0,0.0,0.0,2022-04-01,30-Sep-2022,,50.0,1.0,182 days,ZANOGMNO|SWIFT SYSTEMS,24,more then one session,Цветелина Петрова,,,,February,2023,Wednesday,15-Feb-2023 16:30:00,10-Feb-2023,15-Feb-2023
2023-02-15 17:00:00,2023-02-15 17:50:00,Гико,Пондьов,892821911,giko.pondaov@abv.bg,Swift Systems: Тренинг за лидери на живо | Leadership training in person,Димитър Петров | Dimitar Petrov,0.0,no,0.0,,,2023-02-13,,a client,Swift Systems,g.pondaov@swift.systems.com,,985756721,,|Гико|Пондьов|,GIKO,PONDYOV,Giko Pondyov,GIONDPON,На живо,SWIFT SYSTEMS,9999.0,0.0,0.0,2022-04-01,30-Sep-2022,,50.0,1.0,182 days,GIONDPON|SWIFT SYSTEMS,27,more then one session,Димитър Петров,,,,February,2023,Wednesday,15-Feb-2023 17:00:00,13-Feb-2023,15-Feb-2023
2023-02-15 18:00:00,2023-02-15 18:50:00,Александрина,Ждраков,892121590,aleksandrina.zhdrakov@yahoo.com,Novex: Тренинг за лидери на живо | Leadership training in person,Димитър Петров | Dimitar Petrov,0.0,no,0.0,,,2023-02-08,,a client,Novex,aleksandrina.zhdrakov@yahoo.com,,983015444,,|Александрина|Ждраков|,ALEKSANDRINA,ZHDRAKOV,Aleksandrina Zhdrakov,ALHDRLEK,На живо,NOVEX,12.0,0.0,0.0,2022-04-01,31-Mar-2023,,50.0,1.0,364 days,ALHDRLEK|NOVEX,4,more then one session,Димитър Петров,NOVEX|ALHDRLEK,4.0,8.0,February,2023,Wednesday,15-Feb-2023 18:00:00,08-Feb-2023,15-Feb-2023
2023-02-15 18:00:00,2023-02-15 18:50:00,Кети,Докова,893122212,keti.dokova@abv.bg,ModernTech: Онлайн тренинг за лидери | Online leadership training,София Димитрова | Sofia Dimitrova,0.0,no,0.0,,,2023-02-14,,a client,ModernTech,k.dokova@moderntech.com,Google Meet,986189535,,|Кети|Докова|,KETI,DOKOVA,Keti Dokova,KEOKODOK,Онлайн,MODERNTECH,9999.0,0.0,0.0,1920-01-01,01-Jan-1920,,40.0,1.0,0 days,KEOKODOK|MODERNTECH,7,more then one session,София Димитрова,,,,February,2023,Wednesday,15-Feb-2023 18:00:00,14-Feb-2023,15-Feb-2023
2023-02-15 19:00:00,2023-02-15 19:50:00,Mckenna,Abbott,883502982,mckenna.abbott@gmail.com,Agile Ideas: Онлайн тренинг за лидери | Online leadership training,София Димитрова | Sofia Dimitrova,0.0,no,0.0,,,2023-02-14,,a client,Agile Ideas,mckenna.abbott@gmail.com,Zoom,986275013,,|Mckenna|Abbott|,MCKENNA,ABBOTT,Mckenna Abbott,MCBBOCKE,Онлайн,AGILE IDEAS,9999.0,0.0,0.0,1920-01-01,01-Jan-1920,,55.0,1.0,0 days,MCBBOCKE|AGILE IDEAS,2,more then one session,София Димитрова,,,,February,2023,Wednesday,15-Feb-2023 19:00:00,14-Feb-2023,15-Feb-2023
2023-02-15 19:30:00,2023-02-15 20:20:00,Ширко,Клатикрушев,885521133,shirko.klatikrushev@yahoo.com,Swift Systems: Тренинг за лидери на живо | Leadership training in person,Радослав Иванов | Radoslav Ivanov,0.0,no,0.0,,,2023-02-09,,client logged in asshirko.klatikrushev@yahoo.com,Swift Systems,s.klatikrushev@swift.systems.com,,983507833,,|Ширко|Клатикрушев|,SHIRKO,KLATIKRUSHEV,Shirko Klatikrushev,SHLATKLA,На живо,SWIFT SYSTEMS,9999.0,0.0,0.0,2022-04-01,30-Sep-2022,,50.0,1.0,182 days,SHLATKLA|SWIFT SYSTEMS,38,more then one session,Радослав Иванов,,,,February,2023,Wednesday,15-Feb-2023 19:30:00,09-Feb-2023,15-Feb-2023
2023-02-16 08:30:00,2023-02-16 09:20:00,Стоимена,Кукуряшков,889133322,stoimena.kukuryashkov@abv.bg,Swift Systems: Тренинг за лидери на живо | Leadership training in person,Георги Михайлов | Georgi Mihaylov,0.0,no,0.0,,,2023-02-13,,a trainer,Swift Systems,s.kukuryashkov@swift.systems.com,,985630961,,|Стоимена|Кукуряшков|,STOIMENA,KUKURYASHKOV,Stoimena Kukuryashkov,STUKUKUK,На живо,SWIFT SYSTEMS,9999.0,0.0,0.0,2022-04-01,30-Sep-2022,,50.0,1.0,182 days,STUKUKUK|SWIFT SYSTEMS,21,more then one session,Георги Михайлов,,,,February,2023,Thursday,16-Feb-2023 08:30:00,13-Feb-2023,16-Feb-2023
2023-02-16 09:00:00,2023-02-16 09:50:00,Павилия,Мангъфова,818221225,paviliya.mangafova@yahoo.com,SunriseCorp: Онлайн тренинг за лидери | Online leadership training,Жана Иванова | Zhana Ivanova,0.0,no,0.0,,,2023-02-10,,a client,SunriseCorp,paviliya.mangafova@yahoo.com,"Zoom, Google Meet",984185545,,|Павилия|Мангъфова|,PAVILIYA,MANGAFOVA,Paviliya Mangafova,PAANGAVI,Онлайн,SUNRISECORP,9999.0,0.0,0.0,1920-01-01,01-Jan-1920,,40.0,1.0,0 days,PAANGAVI|SUNRISECORP,4,more then one session,Жана Иванова,,,,February,2023,Thursday,16-Feb-2023 09:00:00,10-Feb-2023,16-Feb-2023
2023-02-16 09:30:00,2023-02-16 10:20:00,Дуда,Бележкова,885921292,duda.belezhkova@abv.bg,Swift Systems: Тренинг за лидери на живо | Leadership training in person,Георги Михайлов | Georgi Mihaylov,0.0,no,0.0,,,2023-02-13,,a trainer,Swift Systems,d.belezhkova@swift.systems.com,,985631455,,|Дуда|Бележкова|,DUDA,BELEZHKOVA,Duda Belezhkova,DUELEBEL,На живо,SWIFT SYSTEMS,9999.0,0.0,0.0,2022-04-01,30-Sep-2022,,50.0,1.0,182 days,DUELEBEL|SWIFT SYSTEMS,21,more then one session,Георги Михайлов,,,,February,2023,Thursday,16-Feb-2023 09:30:00,13-Feb-2023,16-Feb-2023
2023-02-16 11:30:00,2023-02-16 12:20:00,Илиян,Ментешев,882112812,iliyan.menteshev@abv.bg,Swift Systems: Тренинг за лидери на живо | Leadership training in person,Георги Михайлов | Georgi Mihaylov,0.0,no,0.0,,,2023-02-06,,a trainer,Swift Systems,i.menteshev@swift.systems.com,,981429975,,|Илиян|Ментешев|,ILIYAN,MENTESHEV,Iliyan Menteshev,ILENTMEN,На живо,SWIFT SYSTEMS,9999.0,0.0,0.0,2022-04-01,30-Sep-2022,,50.0,1.0,182 days,ILENTMEN|SWIFT SYSTEMS,16,more then one session,Георги Михайлов,,,,February,2023,Thursday,16-Feb-2023 11:30:00,06-Feb-2023,16-Feb-2023
2023-02-16 15:00:00,2023-02-16 15:50:00,Luke,Mayer,899321552,luke.mayer@yandex.ru,Novex: Онлайн тренинг за лидери|Online leadership training,Любомира Иванова | Lyubomira Ivanova,0.0,no,0.0,,,2023-02-09,,a client,Novex,l.mayer@novex.com,Zoom,983555221,,|Luke|Mayer|,LUKE,MAYER,Luke Mayer,LUAYEMAY,Онлайн,NOVEX,12.0,0.0,0.0,2022-04-01,31-Mar-2023,,50.0,1.0,364 days,LUAYEMAY|NOVEX,6,more then one session,Любомира Иванова,NOVEX|LUAYEMAY,6.0,6.0,February,2023,Thursday,16-Feb-2023 15:00:00,09-Feb-2023,16-Feb-2023
2023-02-16 15:00:00,2023-02-16 15:50:00,Хачо,Иванов,819803910,xacho.ivanov@yahoo.com,Novex: Тренинг за лидери на живо | Leadership training in person,Димитър Петров | Dimitar Petrov,0.0,no,0.0,,,2023-02-10,,a client,Novex,x.ivanov@novex.com,,984146379,,|Хачо|Иванов|,HACHO,IVANOV,Hacho Ivanov,HAVANIVA,На живо,NOVEX,12.0,0.0,0.0,2022-04-01,31-Mar-2023,,50.0,1.0,364 days,HAVANIVA|NOVEX,7,more then one session,Димитър Петров,NOVEX|HAVANIVA,7.0,5.0,February,2023,Thursday,16-Feb-2023 15:00:00,10-Feb-2023,16-Feb-2023
2023-02-16 16:30:00,2023-02-16 17:20:00,Зафа,Тодорова,,,Test: Тренинг за лидери на живо | Leadership training in person,Михаил Димитров | Mihail Dimitrov,0.0,no,0.0,,,2023-02-09,,a trainer,,,,983442260,"2,3,4,",|Зафа|Тодорова|,ZAFA,TODOROVA,Zafa Todorova,ZAODOXXX,На живо,TEST,0.0,0.0,0.0,1920-01-01,01-Jan-1920,,0.0,0.0,0 days,ZAODOXXX|TEST,3,more then one session,Михаил Димитров,,,,February,2023,Thursday,16-Feb-2023 16:30:00,09-Feb-2023,16-Feb-2023
2023-02-16 17:00:00,2023-02-16 17:50:00,Angela,Miranda,882222093,angela.miranda@yahoo.co.uk,Swift Systems: Тренинг за лидери на живо | Leadership training in person,Теодора Йорданова | Teodora Yordanova,0.0,no,0.0,,,2023-02-13,,a client,Swift Systems,a.miranda@swift.systems.com,,985542890,,|Angela|Miranda|,ANGELA,MIRANDA,Angela Miranda,ANIRAMIR,На живо,SWIFT SYSTEMS,9999.0,0.0,0.0,2022-04-01,30-Sep-2022,,50.0,1.0,182 days,ANIRAMIR|SWIFT SYSTEMS,40,more then one session,Теодора Йорданова,,,,February,2023,Thursday,16-Feb-2023 17:00:00,13-Feb-2023,16-Feb-2023
2023-02-16 18:00:00,2023-02-16 18:50:00,Живомира,Кучкуделова,812199820,zhivomira.kuchkudelova@gmail.com,ModernTech: Онлайн тренинг за лидери | Online leadership training,София Димитрова | Sofia Dimitrova,0.0,no,0.0,,,2023-02-15,,a client,ModernTech,z.kuchkudelova@moderntech.com,"Zoom, Google Meet",986800058,,|Живомира|Кучкуделова|,ZHIVOMIRA,KUCHKUDELOVA,Zhivomira Kuchkudelova,ZHUCHKUC,Онлайн,MODERNTECH,9999.0,0.0,0.0,1920-01-01,01-Jan-1920,,40.0,1.0,0 days,ZHUCHKUC|MODERNTECH,2,more then one session,София Димитрова,,,,February,2023,Thursday,16-Feb-2023 18:00:00,15-Feb-2023,16-Feb-2023
2023-02-16 19:00:00,2023-02-16 19:50:00,Isla,Bell,892301913,isla.bell@yahoo.co.uk,WiseWay: Тренинг за лидери на живо | Leadership training in person,Теодора Йорданова | Teodora Yordanova,0.0,no,0.0,,,2023-01-26,,a trainer,,,,974820917,"2,",|Isla|Bell|,ISLA,BELL,Isla Bell,ISELLSLA,На живо,WISEWAY,6.0,0.0,0.0,2022-02-01,31-Jan-2023,,50.0,1.0,364 days,ISELLSLA|WISEWAY,5,more then one session,Теодора Йорданова,,,,February,2023,Thursday,16-Feb-2023 19:00:00,26-Jan-2023,16-Feb-2023
2023-02-17 13:00:00,2023-02-17 13:50:00,Agustin,Ashley,889332922,agustin.ashley@yahoo.co.uk,SunriseCorp: Онлайн тренинг за лидери | Online leadership training,Валентинка Петкова | Valentinaka Petkova,0.0,no,0.0,,,2023-02-10,,a client,SunriseCorp,a.ashley@sunrisecorp.com,Viber,984249340,,|Agustin|Ashley|,AGUSTIN,ASHLEY,Agustin Ashley,AGSHLASH,Онлайн,SUNRISECORP,9999.0,0.0,0.0,1920-01-01,01-Jan-1920,,40.0,1.0,0 days,AGSHLASH|SUNRISECORP,5,more then one session,Валентинка Петкова,,,,February,2023,Friday,17-Feb-2023 13:00:00,10-Feb-2023,17-Feb-2023
2023-02-17 14:00:00,2023-02-17 14:50:00,Aaden,Chambers,393208585522,aaden.chambers@msn.com,iNdigo | Nexern | Conzap: Онлайн тренинг за лидери | Online leadership training,Любомира Иванова | Lyubomira Ivanova,0.0,no,0.0,,,2023-02-08,,a client,iNdigo,aaden.chambers@msn.com,Google Meet,982803055,,|Aaden|Chambers|,AADEN,CHAMBERS,Aaden Chambers,AAHAMADE,Онлайн,INDIGO,5.0,0.0,0.0,2021-11-15,15-Nov-2022,online only,50.0,1.0,365 days,AAHAMADE|INDIGO,2,more then one session,Любомира Иванова,,,,February,2023,Friday,17-Feb-2023 14:00:00,08-Feb-2023,17-Feb-2023
2023-02-17 14:00:00,2023-02-17 14:50:00,Angela,Miranda,882222093,angela.miranda@yahoo.co.uk,Swift Systems: Тренинг за лидери на живо | Leadership training in person,Валентинка Петкова | Valentinaka Petkova,0.0,no,0.0,,,2023-02-13,,a client,Swift Systems,a.miranda@swift.systems.com,,985543138,,|Angela|Miranda|,ANGELA,MIRANDA,Angela Miranda,ANIRAMIR,На живо,SWIFT SYSTEMS,9999.0,0.0,0.0,2022-04-01,30-Sep-2022,,50.0,1.0,182 days,ANIRAMIR|SWIFT SYSTEMS,40,more then one session,Валентинка Петкова,,,,February,2023,Friday,17-Feb-2023 14:00:00,13-Feb-2023,17-Feb-2023
2023-02-17 17:00:00,2023-02-17 17:50:00,Явора,Вакрилов,888510102,yavora.vakrilov@abv.bg,Swift Systems: Тренинг за лидери на живо | Leadership training in person,Веселин Стефанов | Veselin Stefanov,0.0,no,0.0,,,2023-02-10,,a trainer,,,,984204658,"2,",|Явора|Вакрилов|,YAVORA,VAKRILOV,Yavora Vakrilov,YAAKRAVO,На живо,SWIFT SYSTEMS,9999.0,0.0,0.0,2022-04-01,30-Sep-2022,,50.0,1.0,182 days,YAAKRAVO|SWIFT SYSTEMS,18,more then one session,Веселин Стефанов,,,,February,2023,Friday,17-Feb-2023 17:00:00,10-Feb-2023,17-Feb-2023
2023-02-18 11:00:00,2023-02-18 11:50:00,Антоалина,Монтянов,882230828,antoalina.montyanov@gmail.com,SunriseCorp: Онлайн тренинг за лидери | Online leadership training,София Димитрова | Sofia Dimitrova,0.0,no,0.0,,,2023-02-13,,a client,SunriseCorp,a.montyanov@sunrisecorp.com,Viber,985485181,,|Антоалина|Монтянов|,ANTOALINA,MONTYANOV,Antoalina Montyanov,ANONTMON,Онлайн,SUNRISECORP,9999.0,0.0,0.0,1920-01-01,01-Jan-1920,,40.0,1.0,0 days,ANONTMON|SUNRISECORP,4,more then one session,София Димитрова,,,,February,2023,Saturday,18-Feb-2023 11:00:00,13-Feb-2023,18-Feb-2023
2023-02-18 14:00:00,2023-02-18 14:50:00,Койно,Певецова,359885031511,kojno.pevecova@yahoo.com,Novex: Тренинг за лидери на живо | Leadership training in person,Камен Георгиев | Kamen Georgiev,0.0,no,0.0,,,2023-02-14,,a client,Novex,k.pevecova@novex.com,,986187555,,|Койно|Певецова|,KOYNO,PEVETSOVA,Koyno Pevetsova,KOEVEPEV,На живо,NOVEX,12.0,0.0,0.0,2022-04-01,31-Mar-2023,,50.0,1.0,364 days,KOEVEPEV|NOVEX,5,more then one session,Камен Георгиев,NOVEX|KOEVEPEV,5.0,7.0,February,2023,Saturday,18-Feb-2023 14:00:00,14-Feb-2023,18-Feb-2023
2023-02-18 18:00:00,2023-02-18 18:50:00,Флавия,Червенкова,882930050,flaviya.chervenkova@abv.bg,SunriseCorp: Онлайн тренинг за лидери | Online leadership training,Ангела Петкова | Angela Petkova,0.0,no,0.0,,,2023-02-13,,a client,SunriseCorp,f.chervenkova@sunrisecorp.com,Zoom,985469553,,|Флавия|Червенкова|,FLAVIYA,CHERVENKOVA,Flaviya Chervenkova,FLHERCHE,Онлайн,SUNRISECORP,9999.0,0.0,0.0,1920-01-01,01-Jan-1920,,40.0,1.0,0 days,FLHERCHE|SUNRISECORP,3,more then one session,Ангела Петкова,,,,February,2023,Saturday,18-Feb-2023 18:00:00,13-Feb-2023,18-Feb-2023
2023-02-19 13:00:00,2023-02-19 13:50:00,Cristal,Chandler,898512822,cristal.chandler@yahoo.co.uk,Zetron: Тренинг за лидери на живо | Leadership training in person,Камен Георгиев | Kamen Georgiev,0.0,no,0.0,,,2023-02-13,,a client,,c.chandler@.com,,985546450,,|Cristal|Chandler|,CRISTAL,CHANDLER,Cristal Chandler,CRHANCHA,На живо,ZETRON,2.0,0.0,0.0,2022-06-01,31-Dec-2022,1,50.0,1.0,213 days,CRHANCHA|ZETRON,3,more then one session,Камен Георгиев,,,,February,2023,Sunday,19-Feb-2023 13:00:00,13-Feb-2023,19-Feb-2023
2023-02-19 14:00:00,2023-02-19 14:50:00,Севда,Първанова,811091551,sevda.parvanova@abv.bg,SunriseCorp: Тренинг за лидери на живо | Leadership training in person,Камен Георгиев | Kamen Georgiev,0.0,no,0.0,,,2023-02-05,,a client,SunriseCorp,s.parvanova@sunrisecorp.com,,980836109,,|Севда|Първанова|,SEVDA,PARVANOVA,Sevda Parvanova,SEARVPAR,На живо,SUNRISECORP,9999.0,0.0,0.0,1920-01-01,01-Jan-1920,,40.0,1.0,0 days,SEARVPAR|SUNRISECORP,3,more then one session,Камен Георгиев,,,,February,2023,Sunday,19-Feb-2023 14:00:00,05-Feb-2023,19-Feb-2023
2023-02-20 11:00:00,2023-02-20 11:50:00,Пепелота,Мангъфова,359889211222,pepelota.mangafova@gmail.com,SunriseCorp: Тренинг за лидери на живо | Leadership training in person,Георги Михайлов | Georgi Mihaylov,0.0,no,0.0,,,2023-02-16,,a client,SunriseCorp,p.mangafova@sunrisecorp.com,,987550862,,|Пепелота|Мангъфова|,PEPELOTA,MANGAFOVA,Pepelota Mangafova,PEANGMAN,На живо,SUNRISECORP,9999.0,0.0,0.0,1920-01-01,01-Jan-1920,,40.0,1.0,0 days,PEANGMAN|SUNRISECORP,2,more then one session,Георги Михайлов,,,,February,2023,Monday,20-Feb-2023 11:00:00,16-Feb-2023,20-Feb-2023
2023-02-20 17:00:00,2023-02-20 17:50:00,Gavin,Miller,891052039,gavin.miller@msn.com,WiseWay: Онлайн тренинг за лидери | Online leadership training,Калина Петрова | Kalina Petrova,0.0,no,0.0,,,2023-02-13,,a client,WiseWay,g.miller@wiseway.com,Zoom,985807485,,|Gavin|Miller|,GAVIN,MILLER,Gavin Miller,GAILLMIL,Онлайн,WISEWAY,6.0,0.0,0.0,2022-02-01,31-Jan-2023,,50.0,1.0,364 days,GAILLMIL|WISEWAY,5,more then one session,Калина Петрова,,,,February,2023,Monday,20-Feb-2023 17:00:00,13-Feb-2023,20-Feb-2023
2023-02-20 18:00:00,2023-02-20 18:50:00,Дида,Смърдански,818958922,dida.smardanski@mail.bg,SunriseCorp: Тренинг за лидери на живо | Leadership training in person,Теодора Йорданова | Teodora Yordanova,0.0,no,0.0,,,2023-02-10,,a client,SunriseCorp,d.smardanski@sunrisecorp.com,,984349395,,|Дида|Смърдански|,DIDA,SMARDANSKI,Dida Smardanski,DIMARSMA,На живо,SUNRISECORP,9999.0,0.0,0.0,1920-01-01,01-Jan-1920,,40.0,1.0,0 days,DIMARSMA|SUNRISECORP,1,only one session,Теодора Йорданова,,,,February,2023,Monday,20-Feb-2023 18:00:00,10-Feb-2023,20-Feb-2023
2023-02-20 18:00:00,2023-02-20 18:50:00,Nash,Harding,359818132229,nash.harding@msn.com,ModernTech: Тренинг за лидери на живо | Leadership training in person,Калина Петрова | Kalina Petrova,0.0,no,0.0,,,2023-02-13,,a client,ModernTech,n.harding@moderntech.com,,985756534,,|Nash|Harding|,NASH,HARDING,Nash Harding,NAARDHAR,На живо,MODERNTECH,9999.0,0.0,0.0,1920-01-01,01-Jan-1920,,40.0,1.0,0 days,NAARDHAR|MODERNTECH,23,more then one session,Калина Петрова,,,,February,2023,Monday,20-Feb-2023 18:00:00,13-Feb-2023,20-Feb-2023
2023-02-20 20:00:00,2023-02-20 20:50:00,Пейолина,Бележкова,883353102,pejolina.belezhkova@abv.bg,Swift Systems: Онлайн тренинг за лидери | Online leadership training,София Димитрова | Sofia Dimitrova,0.0,no,0.0,,,2023-02-16,,a client,Swift Systems,pejolina.belezhkova@abv.bg,Google Meet,987661845,,|Пейолина|Бележкова|,PEYOLINA,BELEZHKOVA,Peyolina Belezhkova,PEELEEJO,Онлайн,SWIFT SYSTEMS,9999.0,0.0,0.0,2022-04-01,30-Sep-2022,,50.0,1.0,182 days,PEELEEJO|SWIFT SYSTEMS,10,more then one session,София Димитрова,,,,February,2023,Monday,20-Feb-2023 20:00:00,16-Feb-2023,20-Feb-2023
2023-02-21 08:30:00,2023-02-21 09:20:00,Лянка,Илиева,885201535,lyanka.ilieva@yahoo.com,Swift Systems: Онлайн тренинг за лидери | Online leadership training,Георги Михайлов | Georgi Mihaylov,0.0,no,0.0,,,2023-01-20,,a trainer,Swift Systems,l.ilieva@swift.systems.com,Zoom,971014843,,|Лянка|Илиева|,LYANKA,ILIEVA,Lyanka Ilieva,LYLIEILI,Онлайн,SWIFT SYSTEMS,9999.0,0.0,0.0,2022-04-01,30-Sep-2022,,50.0,1.0,182 days,LYLIEILI|SWIFT SYSTEMS,22,more then one session,Георги Михайлов,,,,February,2023,Tuesday,21-Feb-2023 08:30:00,20-Jan-2023,21-Feb-2023
2023-02-21 11:10:00,2023-02-21 12:00:00,Кристия,Сланинкова,,kristiya.slaninkova@abv.bg,Онлайн коучинг,Теодора Йорданова | Teodora Yordanova,0.0,no,0.0,,,2023-02-19,,a trainer,,,,989241231,"2,",|Кристия|Сланинкова|,KRISTIYA,SLANINKOVA,Kristiya Slaninkova,KRLANRIS,Онлайн,ОНЛАЙН КОУЧИНГ,0.0,0.0,0.0,1920-01-01,01-Jan-1920,,0.0,0.0,0 days,KRLANRIS|ОНЛАЙН КОУЧИНГ,1,only one session,Теодора Йорданова,,,,February,2023,Tuesday,21-Feb-2023 11:10:00,19-Feb-2023,21-Feb-2023
2023-02-21 11:30:00,2023-02-21 12:20:00,Мимоза,Пътечкова,883323212,mimoza.patechkova@gmail.com,Novex: Онлайн тренинг за лидери|Online leadership training,Веселин Стефанов | Veselin Stefanov,0.0,no,0.0,,,2023-02-13,,client logged in asmimoza.patechkova@gmail.com,Novex,m.patechkova@novex.com,"Zoom, Viber",985487070,"9,",|Мимоза|Пътечкова|,MIMOZA,PATECHKOVA,Mimoza Patechkova,MIATEPAT,Онлайн,NOVEX,12.0,0.0,0.0,2022-04-01,31-Mar-2023,,50.0,1.0,364 days,MIATEPAT|NOVEX,37,more then one session,Веселин Стефанов,NOVEX|MIATEPAT,37.0,-25.0,February,2023,Tuesday,21-Feb-2023 11:30:00,13-Feb-2023,21-Feb-2023
2023-02-21 14:00:00,2023-02-21 14:50:00,Ламби,Чуканов,,lambi.chukanov@mail.bg,Онлайн коучинг,Теодора Йорданова | Teodora Yordanova,0.0,no,0.0,,,2023-02-18,,a trainer,,,,988818034,"2,",|Ламби|Чуканов|,LAMBI,CHUKANOV,Lambi Chukanov,LAHUKAMB,Онлайн,ОНЛАЙН КОУЧИНГ,0.0,0.0,0.0,1920-01-01,01-Jan-1920,,0.0,0.0,0 days,LAHUKAMB|ОНЛАЙН КОУЧИНГ,12,more then one session,Теодора Йорданова,,,,February,2023,Tuesday,21-Feb-2023 14:00:00,18-Feb-2023,21-Feb-2023
2023-02-21 14:30:00,2023-02-21 15:20:00,Хрисо,Габровлиева,889532182,xriso.gabrovlieva@mail.bg,Swift Systems: Тренинг за лидери на живо | Leadership training in person,Веселин Стефанов | Veselin Stefanov,0.0,no,0.0,,,2023-02-14,,a trainer,,,,986269590,"2,",|Хрисо|Габровлиева|,HRISO,GABROVLIEVA,Hriso Gabrovlieva,HRABRRIS,На живо,SWIFT SYSTEMS,9999.0,0.0,0.0,2022-04-01,30-Sep-2022,,50.0,1.0,182 days,HRABRRIS|SWIFT SYSTEMS,15,more then one session,Веселин Стефанов,,,,February,2023,Tuesday,21-Feb-2023 14:30:00,14-Feb-2023,21-Feb-2023
2023-02-21 16:30:00,2023-02-21 17:20:00,Божинел,Пенджакова,,bozhinel.pendzhakova@abv.bg,Онлайн коучинг,Теодора Йорданова | Teodora Yordanova,0.0,no,0.0,,,2023-02-14,,a trainer,,,,986205907,"2,",|Божинел|Пенджакова|,BOZHINEL,PENDZHAKOVA,Bozhinel Pendzhakova,BOENDOZH,Онлайн,ОНЛАЙН КОУЧИНГ,0.0,0.0,0.0,1920-01-01,01-Jan-1920,,0.0,0.0,0 days,BOENDOZH|ОНЛАЙН КОУЧИНГ,6,more then one session,Теодора Йорданова,,,,February,2023,Tuesday,21-Feb-2023 16:30:00,14-Feb-2023,21-Feb-2023
2023-02-21 17:30:00,2023-02-21 18:20:00,Mckenna,Abbott,883502982,mckenna.abbott@gmail.com,Agile Ideas: Онлайн тренинг за лидери | Online leadership training,Жана Иванова | Zhana Ivanova,0.0,no,0.0,,,2023-02-13,,client logged in asmckenna.abbott@gmail.com,Agile Ideas,m.abbott@agile.ideas.com,Zoom,985550565,,|Mckenna|Abbott|,MCKENNA,ABBOTT,Mckenna Abbott,MCBBOABB,Онлайн,AGILE IDEAS,9999.0,0.0,0.0,1920-01-01,01-Jan-1920,,55.0,1.0,0 days,MCBBOABB|AGILE IDEAS,2,more then one session,Жана Иванова,,,,February,2023,Tuesday,21-Feb-2023 17:30:00,13-Feb-2023,21-Feb-2023
2023-02-21 18:00:00,2023-02-21 18:50:00,Кети,Докова,893122212,keti.dokova@abv.bg,ModernTech: Онлайн тренинг за лидери | Online leadership training,София Димитрова | Sofia Dimitrova,0.0,no,0.0,,,2023-02-19,,a client,ModernTech,k.dokova@moderntech.com,Google Meet,989421028,,|Кети|Докова|,KETI,DOKOVA,Keti Dokova,KEOKODOK,Онлайн,MODERNTECH,9999.0,0.0,0.0,1920-01-01,01-Jan-1920,,40.0,1.0,0 days,KEOKODOK|MODERNTECH,7,more then one session,София Димитрова,,,,February,2023,Tuesday,21-Feb-2023 18:00:00,19-Feb-2023,21-Feb-2023
2023-02-21 18:30:00,2023-02-21 19:20:00,Сисоя,Васовa,,,Онлайн коучинг,Теодора Йорданова | Teodora Yordanova,0.0,no,0.0,,,2023-02-21,,a trainer,,,,990359086,"2,3,4,",|Сисоя|Васовa|,SISOYA,VASOVA,Sisoya Vasova,SIASOXXX,Онлайн,ОНЛАЙН КОУЧИНГ,0.0,0.0,0.0,1920-01-01,01-Jan-1920,,0.0,0.0,0 days,SIASOXXX|ОНЛАЙН КОУЧИНГ,4,more then one session,Теодора Йорданова,,,,February,2023,Tuesday,21-Feb-2023 18:30:00,21-Feb-2023,21-Feb-2023
2023-02-22 09:00:00,2023-02-22 09:50:00,Marc,Banks,882911322,marc.banks@msn.com,Prodigy: Онлайн тренинг за лидери на живо,Веселин Стефанов | Veselin Stefanov,0.0,no,0.0,,,2023-02-16,,a client,Prodigy,m.banks@prodigy.com,,987580765,,|Marc|Banks|,MARC,BANKS,Marc Banks,MAANKBAN,Онлайн,PRODIGY,6.0,1.0,0.0,2022-07-01,30-Nov-2022,,40.0,1.0,152 days,MAANKBAN|PRODIGY,2,more then one session,Веселин Стефанов,,,,February,2023,Wednesday,22-Feb-2023 09:00:00,16-Feb-2023,22-Feb-2023
2023-02-22 09:00:00,2023-02-22 09:50:00,Luke,Mayer,899321552,luke.mayer@yandex.ru,Novex: Онлайн тренинг за лидери|Online leadership training,Любомира Иванова | Lyubomira Ivanova,0.0,no,0.0,,,2023-02-16,,a client,Novex,l.mayer@novex.com,Zoom,987601533,,|Luke|Mayer|,LUKE,MAYER,Luke Mayer,LUAYEMAY,Онлайн,NOVEX,12.0,0.0,0.0,2022-04-01,31-Mar-2023,,50.0,1.0,364 days,LUAYEMAY|NOVEX,6,more then one session,Любомира Иванова,NOVEX|LUAYEMAY,6.0,6.0,February,2023,Wednesday,22-Feb-2023 09:00:00,16-Feb-2023,22-Feb-2023
2023-02-22 10:00:00,2023-02-22 10:50:00,Шино,Яназов,883210110,shino.yanazov@yahoo.com,Swift Systems: Тренинг за лидери на живо | Leadership training in person,Георги Михайлов | Georgi Mihaylov,0.0,no,0.0,,,2023-02-16,,a trainer,BlueNova,s.yanazov@bluenova.com,,987568404,,|Шино|Яназов|,SHINO,YANAZOV,Shino Yanazov,SHANAYAN,На живо,SWIFT SYSTEMS,9999.0,0.0,0.0,2022-04-01,30-Sep-2022,,50.0,1.0,182 days,SHANAYAN|SWIFT SYSTEMS,23,more then one session,Георги Михайлов,,,,February,2023,Wednesday,22-Feb-2023 10:00:00,16-Feb-2023,22-Feb-2023
2023-02-22 11:00:00,2023-02-22 11:50:00,Matthew,Park,882112111,matthew.park@gmail.com,Novex: Онлайн тренинг за лидери|Online leadership training,Калина Петрова | Kalina Petrova,0.0,no,0.0,,,2023-02-20,,a client,Novex,matthew.park@gmail.com,Zoom,989735263,,|Matthew|Park|,MATTHEW,PARK,Matthew Park,MAARKATT,Онлайн,NOVEX,12.0,0.0,0.0,2022-04-01,31-Mar-2023,,50.0,1.0,364 days,MAARKATT|NOVEX,6,more then one session,Калина Петрова,NOVEX|MAARKATT,6.0,6.0,February,2023,Wednesday,22-Feb-2023 11:00:00,20-Feb-2023,22-Feb-2023
2023-02-22 12:00:00,2023-02-22 12:50:00,India,Mccullough,353811259302,india.mccullough@yandex.ru,iNdigo | Nexern | Conzap: Онлайн тренинг за лидери | Online leadership training,Веселин Стефанов | Veselin Stefanov,0.0,no,0.0,,,2023-02-06,,a client,iNdigo,i.mccullough@indigo.com,Skype,981282674,,|India|Mccullough|,INDIA,MCCULLOUGH,India Mccullough,INCCUMCC,Онлайн,INDIGO,5.0,0.0,0.0,2021-11-15,15-Nov-2022,online only,50.0,1.0,365 days,INCCUMCC|INDIGO,38,more then one session,Веселин Стефанов,,,,February,2023,Wednesday,22-Feb-2023 12:00:00,06-Feb-2023,22-Feb-2023
2023-02-22 15:00:00,2023-02-22 15:50:00,Клара,Катърова,359812210222,klara.katarova@abv.bg,Novex: Онлайн тренинг за лидери|Online leadership training,Калина Петрова | Kalina Petrova,0.0,no,0.0,,,2023-02-10,,client logged in asklara.katarova@abv.bg,Novex,k.katarova@novex.com,Zoom,984154897,,|Клара|Катърова|,KLARA,KATAROVA,Klara Katarova,KLATAKAT,Онлайн,NOVEX,12.0,0.0,0.0,2022-04-01,31-Mar-2023,,50.0,1.0,364 days,KLATAKAT|NOVEX,8,more then one session,Калина Петрова,NOVEX|KLATAKAT,7.0,5.0,February,2023,Wednesday,22-Feb-2023 15:00:00,10-Feb-2023,22-Feb-2023
2023-02-22 15:00:00,2023-02-22 15:50:00,Carlos,Swanson,359898229021,carlos.swanson@yahoo.co.uk,QuantumPeak: Онлайн тренинг за лидери | Online leadership training,Христина Димитрова | Hristina Dimitrova,0.0,no,0.0,,,2023-02-17,,a trainer,,,,988236756,"2,",|Carlos|Swanson|,CARLOS,SWANSON,Carlos Swanson,CAWANARL,Онлайн,QUANTUMPEAK,20.0,0.0,0.0,2022-05-01,30-Apr-2023,,40.0,1.0,364 days,CAWANARL|QUANTUMPEAK,10,more then one session,Христина Димитрова,QUANTUMPEAK|CAWANARL,10.0,10.0,February,2023,Wednesday,22-Feb-2023 15:00:00,17-Feb-2023,22-Feb-2023
2023-02-22 16:00:00,2023-02-22 16:50:00,Фуга,Сланинкова,883312022,fuga.slaninkova@abv.bg,Novex: Онлайн тренинг за лидери|Online leadership training,Калина Петрова | Kalina Petrova,0.0,no,0.0,,,2023-02-15,,a client,Novex,f.slaninkova@novex.com,Zoom,986830795,"9,",|Фуга|Сланинкова|,FUGA,SLANINKOVA,Fuga Slaninkova,FULANSLA,Онлайн,NOVEX,12.0,0.0,0.0,2022-04-01,31-Mar-2023,,50.0,1.0,364 days,FULANSLA|NOVEX,11,more then one session,Калина Петрова,NOVEX|FULANSLA,11.0,1.0,February,2023,Wednesday,22-Feb-2023 16:00:00,15-Feb-2023,22-Feb-2023
2023-02-22 16:30:00,2023-02-22 17:20:00,Захаринка,Многознаева,888102255,zaxarinka.mnogoznaeva@yahoo.com,Swift Systems: Тренинг за лидери на живо | Leadership training in person,Цветелина Петрова | Tsvetelina Petrova,0.0,no,0.0,,,2023-02-17,,a trainer,Swift Systems,z.mnogoznaeva@swift.systems.com,,988450218,,|Захаринка|Многознаева|,ZAHARINKA,MNOGOZNAEVA,Zaharinka Mnogoznaeva,ZANOGMNO,На живо,SWIFT SYSTEMS,9999.0,0.0,0.0,2022-04-01,30-Sep-2022,,50.0,1.0,182 days,ZANOGMNO|SWIFT SYSTEMS,24,more then one session,Цветелина Петрова,,,,February,2023,Wednesday,22-Feb-2023 16:30:00,17-Feb-2023,22-Feb-2023
2023-02-22 17:00:00,2023-02-22 17:50:00,Звездислав,Лимонадов,883328221,zvezdislav.limonadov@mail.bg,ModernTech: Тренинг за лидери на живо | Leadership training in person,Димитър Петров | Dimitar Petrov,0.0,no,0.0,,,2023-02-15,,a client,ModernTech,z.limonadov@moderntech.com,,986812756,,|Звездислав|Лимонадов|,ZVEZDISLAV,LIMONADOV,Zvezdislav Limonadov,ZVIMOLIM,На живо,MODERNTECH,9999.0,0.0,0.0,1920-01-01,01-Jan-1920,,40.0,1.0,0 days,ZVIMOLIM|MODERNTECH,15,more then one session,Димитър Петров,,,,February,2023,Wednesday,22-Feb-2023 17:00:00,15-Feb-2023,22-Feb-2023
2023-02-22 17:30:00,2023-02-22 18:20:00,Галена,Многознаева,,,Test: Тренинг за лидери на живо | Leadership training in person,Михаил Димитров | Mihail Dimitrov,0.0,no,0.0,,,2023-02-14,,a trainer,,,,986162043,"2,3,4,",|Галена|Многознаева|,GALENA,MNOGOZNAEVA,Galena Mnogoznaeva,GANOGXXX,На живо,TEST,0.0,0.0,0.0,1920-01-01,01-Jan-1920,,0.0,0.0,0 days,GANOGXXX|TEST,3,more then one session,Михаил Димитров,,,,February,2023,Wednesday,22-Feb-2023 17:30:00,14-Feb-2023,22-Feb-2023
2023-02-22 17:30:00,2023-02-22 18:20:00,Арсена,Градинарова,892313110,arsena.gradinarova@yahoo.com,Swift Systems: Онлайн тренинг за лидери | Online leadership training,Калина Петрова | Kalina Petrova,0.0,no,0.0,,,2023-02-20,,a client,Swift Systems,a.gradinarova@swift.systems.com,Google Meet,989500371,,|Арсена|Градинарова|,ARSENA,GRADINAROVA,Arsena Gradinarova,ARRADGRA,Онлайн,SWIFT SYSTEMS,9999.0,0.0,0.0,2022-04-01,30-Sep-2022,,50.0,1.0,182 days,ARRADGRA|SWIFT SYSTEMS,6,more then one session,Калина Петрова,,,,February,2023,Wednesday,22-Feb-2023 17:30:00,20-Feb-2023,22-Feb-2023
2023-02-22 18:00:00,2023-02-22 18:50:00,Павлинчо,Куртакова,359818125925,pavlincho.kurtakova@abv.bg,Novex: Онлайн тренинг за лидери|Online leadership training,София Димитрова | Sofia Dimitrova,0.0,no,0.0,,,2023-02-20,,a client,Novex,pavlincho.kurtakova@abv.bg,Viber,989728319,,|Павлинчо|Куртакова|,PAVLINCHO,KURTAKOVA,Pavlincho Kurtakova,PAURTAVL,Онлайн,NOVEX,12.0,0.0,0.0,2022-04-01,31-Mar-2023,,50.0,1.0,364 days,PAURTAVL|NOVEX,10,more then one session,София Димитрова,NOVEX|PAURTAVL,10.0,2.0,February,2023,Wednesday,22-Feb-2023 18:00:00,20-Feb-2023,22-Feb-2023
2023-02-22 19:30:00,2023-02-22 20:20:00,Angela,Miranda,885521133,angela.miranda@yahoo.co.uk,Swift Systems: Тренинг за лидери на живо | Leadership training in person,Радослав Иванов | Radoslav Ivanov,0.0,no,0.0,,,2023-02-18,,a client,Swift Systems,a.miranda@swift.systems.com,,988817593,,|Angela|Miranda|,ANGELA,MIRANDA,Angela Miranda,ANIRAMIR,На живо,SWIFT SYSTEMS,9999.0,0.0,0.0,2022-04-01,30-Sep-2022,,50.0,1.0,182 days,ANIRAMIR|SWIFT SYSTEMS,40,more then one session,Радослав Иванов,,,,February,2023,Wednesday,22-Feb-2023 19:30:00,18-Feb-2023,22-Feb-2023
2023-02-23 08:00:00,2023-02-23 08:50:00,Mckenna,Abbott,883502982,mckenna.abbott@gmail.com,Agile Ideas: Онлайн тренинг за лидери | Online leadership training,Жана Иванова | Zhana Ivanova,0.0,no,0.0,,,2023-02-21,,client logged in asmckenna.abbott@gmail.com,Agile Ideas,m.abbott@agile.ideas.com,Zoom,990598860,,|Mckenna|Abbott|,MCKENNA,ABBOTT,Mckenna Abbott,MCBBOABB,Онлайн,AGILE IDEAS,9999.0,0.0,0.0,1920-01-01,01-Jan-1920,,55.0,1.0,0 days,MCBBOABB|AGILE IDEAS,2,more then one session,Жана Иванова,,,,February,2023,Thursday,23-Feb-2023 08:00:00,21-Feb-2023,23-Feb-2023
2023-02-23 08:30:00,2023-02-23 09:20:00,Стоимена,Кукуряшков,889133322,stoimena.kukuryashkov@abv.bg,Swift Systems: Тренинг за лидери на живо | Leadership training in person,Георги Михайлов | Georgi Mihaylov,0.0,no,0.0,,,2023-02-16,,a trainer,Swift Systems,s.kukuryashkov@swift.systems.com,,987568708,,|Стоимена|Кукуряшков|,STOIMENA,KUKURYASHKOV,Stoimena Kukuryashkov,STUKUKUK,На живо,SWIFT SYSTEMS,9999.0,0.0,0.0,2022-04-01,30-Sep-2022,,50.0,1.0,182 days,STUKUKUK|SWIFT SYSTEMS,21,more then one session,Георги Михайлов,,,,February,2023,Thursday,23-Feb-2023 08:30:00,16-Feb-2023,23-Feb-2023
2023-02-23 09:30:00,2023-02-23 10:20:00,Дуда,Бележкова,885921292,duda.belezhkova@abv.bg,Swift Systems: Тренинг за лидери на живо | Leadership training in person,Георги Михайлов | Georgi Mihaylov,0.0,no,0.0,,,2023-02-16,,a trainer,Swift Systems,d.belezhkova@swift.systems.com,,987568869,,|Дуда|Бележкова|,DUDA,BELEZHKOVA,Duda Belezhkova,DUELEBEL,На живо,SWIFT SYSTEMS,9999.0,0.0,0.0,2022-04-01,30-Sep-2022,,50.0,1.0,182 days,DUELEBEL|SWIFT SYSTEMS,21,more then one session,Георги Михайлов,,,,February,2023,Thursday,23-Feb-2023 09:30:00,16-Feb-2023,23-Feb-2023
2023-02-23 10:00:00,2023-02-23 10:50:00,Георги,Парашкевов,888811192,georgi.parashkevov@mail.bg,Swift Systems: Онлайн тренинг за лидери | Online leadership training,Димитър Георгиев | Dimitar Georgiev,0.0,no,0.0,,,2023-02-21,,a client,Swift Systems,g.parashkevov@swift.systems.com,Viber,990452010,,|Георги|Парашкевов|,GEORGI,PARASHKEVOV,Georgi Parashkevov,GEARAPAR,Онлайн,SWIFT SYSTEMS,9999.0,0.0,0.0,2022-04-01,30-Sep-2022,,50.0,1.0,182 days,GEARAPAR|SWIFT SYSTEMS,47,more then one session,Димитър Георгиев,,,,February,2023,Thursday,23-Feb-2023 10:00:00,21-Feb-2023,23-Feb-2023
2023-02-23 12:00:00,2023-02-23 12:50:00,Простисвета,Яков,811221151,prostisveta.yakov@gmail.com,Novex: Тренинг за лидери на живо | Leadership training in person,Георги Михайлов | Georgi Mihaylov,0.0,no,0.0,,,2023-02-13,,a client,Novex,p.yakov@novex.com,,985483765,,|Простисвета|Яков|,PROSTISVETA,YAKOV,Prostisveta Yakov,PRAKOYAK,На живо,NOVEX,12.0,0.0,0.0,2022-04-01,31-Mar-2023,,50.0,1.0,364 days,PRAKOYAK|NOVEX,3,more then one session,Георги Михайлов,NOVEX|PRAKOYAK,3.0,9.0,February,2023,Thursday,23-Feb-2023 12:00:00,13-Feb-2023,23-Feb-2023
2023-02-23 13:00:00,2023-02-23 13:50:00,Хектор,Крушовска,883528082,xektor.krushovska@mail.bg,Swift Systems: Тренинг за лидери на живо | Leadership training in person,Цветелина Петрова | Tsvetelina Petrova,0.0,no,0.0,,,2023-02-17,,a trainer,Swift Systems,x.krushovska@swift.systems.com,,988450875,,|Хектор|Крушовска|,HEKTOR,KRUSHOVSKA,Hektor Krushovska,HERUSKRU,На живо,SWIFT SYSTEMS,9999.0,0.0,0.0,2022-04-01,30-Sep-2022,,50.0,1.0,182 days,HERUSKRU|SWIFT SYSTEMS,26,more then one session,Цветелина Петрова,,,,February,2023,Thursday,23-Feb-2023 13:00:00,17-Feb-2023,23-Feb-2023
2023-02-23 15:00:00,2023-02-23 15:50:00,Леко,Сапунджиева,895231211,leko.sapundzhieva@gmail.com,VISION: Тренинг за лидери на живо | Leadership training in person,Димитър Петров | Dimitar Petrov,0.0,no,0.0,,,2023-02-21,,a client,VISION,leko.sapundzhieva@gmail.com,,990496800,,|Леко|Сапунджиева|,LEKO,SAPUNDZHIEVA,Leko Sapundzhieva,LEAPUEKO,На живо,VISION,3.0,0.0,0.0,2022-01-01,31-Dec-2022,,40.0,1.0,364 days,LEAPUEKO|VISION,3,more then one session,Димитър Петров,,,,February,2023,Thursday,23-Feb-2023 15:00:00,21-Feb-2023,23-Feb-2023
2023-02-23 16:30:00,2023-02-23 17:20:00,Ъглен,Николов,882181103,aglen.nikolov@mail.bg,Agile Ideas: Тренинг за лидери на живо | Leadership training in person,Калина Петрова | Kalina Petrova,0.0,no,0.0,,,2023-02-21,,a client,Agile Ideas,a.nikolov@agile.ideas.com,,990390684,,|Ъглен|Николов|,AGLEN,NIKOLOV,Aglen Nikolov,AGIKONIK,На живо,AGILE IDEAS,9999.0,0.0,0.0,1920-01-01,01-Jan-1920,,55.0,1.0,0 days,AGIKONIK|AGILE IDEAS,3,more then one session,Калина Петрова,,,,February,2023,Thursday,23-Feb-2023 16:30:00,21-Feb-2023,23-Feb-2023
2023-02-23 17:00:00,2023-02-23 17:50:00,Angela,Miranda,882222093,angela.miranda@yahoo.co.uk,Swift Systems: Тренинг за лидери на живо | Leadership training in person,Теодора Йорданова | Teodora Yordanova,0.0,no,0.0,,,2023-02-21,,a client,Swift Systems,a.miranda@swift.systems.com,,990764570,,|Angela|Miranda|,ANGELA,MIRANDA,Angela Miranda,ANIRAMIR,На живо,SWIFT SYSTEMS,9999.0,0.0,0.0,2022-04-01,30-Sep-2022,,50.0,1.0,182 days,ANIRAMIR|SWIFT SYSTEMS,40,more then one session,Теодора Йорданова,,,,February,2023,Thursday,23-Feb-2023 17:00:00,21-Feb-2023,23-Feb-2023
2023-02-23 18:00:00,2023-02-23 18:50:00,Гико,Пондьов,892821911,giko.pondaov@abv.bg,Swift Systems: Тренинг за лидери на живо | Leadership training in person,Димитър Петров | Dimitar Petrov,0.0,no,0.0,,,2023-02-10,,a client,Swift Systems,g.pondaov@swift.systems.com,,984208179,,|Гико|Пондьов|,GIKO,PONDYOV,Giko Pondyov,GIONDPON,На живо,SWIFT SYSTEMS,9999.0,0.0,0.0,2022-04-01,30-Sep-2022,,50.0,1.0,182 days,GIONDPON|SWIFT SYSTEMS,27,more then one session,Димитър Петров,,,,February,2023,Thursday,23-Feb-2023 18:00:00,10-Feb-2023,23-Feb-2023
2023-02-23 18:00:00,2023-02-23 18:50:00,Jacquelyn,Esparza,889222111,jacquelyn.esparza@msn.com,SunriseCorp: Тренинг за лидери на живо | Leadership training in person,Михаил Димитров | Mihail Dimitrov,0.0,no,0.0,,,2023-02-18,,a client,SunriseCorp,j.esparza@sunrisecorp.com,,989032511,,|Jacquelyn|Esparza|,JACQUELYN,ESPARZA,Jacquelyn Esparza,JASPAESP,На живо,SUNRISECORP,9999.0,0.0,0.0,1920-01-01,01-Jan-1920,,40.0,1.0,0 days,JASPAESP|SUNRISECORP,1,only one session,Михаил Димитров,,,,February,2023,Thursday,23-Feb-2023 18:00:00,18-Feb-2023,23-Feb-2023
2023-02-23 19:00:00,2023-02-23 19:50:00,Isla,Bell,892301913,isla.bell@yahoo.co.uk,WiseWay: Тренинг за лидери на живо | Leadership training in person,Теодора Йорданова | Teodora Yordanova,0.0,no,0.0,,,2023-01-26,,a trainer,,,,974820919,"2,",|Isla|Bell|,ISLA,BELL,Isla Bell,ISELLSLA,На живо,WISEWAY,6.0,0.0,0.0,2022-02-01,31-Jan-2023,,50.0,1.0,364 days,ISELLSLA|WISEWAY,5,more then one session,Теодора Йорданова,,,,February,2023,Thursday,23-Feb-2023 19:00:00,26-Jan-2023,23-Feb-2023
2023-02-24 12:00:00,2023-02-24 12:50:00,Видю,Бърборков,359881051102,vidyu.barborkov@mail.bg,SunriseCorp: Онлайн тренинг за лидери | Online leadership training,Веселин Стефанов | Veselin Stefanov,0.0,no,0.0,,,2023-02-14,,a client,SunriseCorp,v.barborkov@sunrisecorp.com,"Zoom, Viber",986230739,,|Видю|Бърборков|,VIDYU,BARBORKOV,Vidyu Barborkov,VIARBBAR,Онлайн,SUNRISECORP,9999.0,0.0,0.0,1920-01-01,01-Jan-1920,,40.0,1.0,0 days,VIARBBAR|SUNRISECORP,2,more then one session,Веселин Стефанов,,,,February,2023,Friday,24-Feb-2023 12:00:00,14-Feb-2023,24-Feb-2023
2023-02-24 13:00:00,2023-02-24 13:50:00,Аглай,Количков,898201220,aglaj.kolichkov@mail.bg,Novex: Тренинг за лидери на живо | Leadership training in person,Веселин Стефанов | Veselin Stefanov,0.0,no,0.0,,,2023-02-04,,a client,Novex,a.kolichkov@novex.com,,980418243,,|Аглай|Количков|,AGLAY,KOLICHKOV,Aglay Kolichkov,AGOLIKOL,На живо,NOVEX,12.0,0.0,0.0,2022-04-01,31-Mar-2023,,50.0,1.0,364 days,AGOLIKOL|NOVEX,9,more then one session,Веселин Стефанов,NOVEX|AGOLIKOL,9.0,3.0,February,2023,Friday,24-Feb-2023 13:00:00,04-Feb-2023,24-Feb-2023
2023-02-24 13:00:00,2023-02-24 13:50:00,Павилия,Мангъфова,818221225,paviliya.mangafova@yahoo.com,SunriseCorp: Онлайн тренинг за лидери | Online leadership training,Жана Иванова | Zhana Ivanova,0.0,no,0.0,,,2023-02-17,,a client,SunriseCorp,paviliya.mangafova@yahoo.com,"Zoom, Google Meet",988214979,,|Павилия|Мангъфова|,PAVILIYA,MANGAFOVA,Paviliya Mangafova,PAANGAVI,Онлайн,SUNRISECORP,9999.0,0.0,0.0,1920-01-01,01-Jan-1920,,40.0,1.0,0 days,PAANGAVI|SUNRISECORP,4,more then one session,Жана Иванова,,,,February,2023,Friday,24-Feb-2023 13:00:00,17-Feb-2023,24-Feb-2023
2023-02-25 19:00:00,2023-02-25 19:50:00,Флавия,Червенкова,882930050,flaviya.chervenkova@abv.bg,SunriseCorp: Онлайн тренинг за лидери | Online leadership training,Ангела Петкова | Angela Petkova,0.0,no,0.0,,,2023-02-22,,a client,SunriseCorp,f.chervenkova@sunrisecorp.com,Viber,991449192,,|Флавия|Червенкова|,FLAVIYA,CHERVENKOVA,Flaviya Chervenkova,FLHERCHE,Онлайн,SUNRISECORP,9999.0,0.0,0.0,1920-01-01,01-Jan-1920,,40.0,1.0,0 days,FLHERCHE|SUNRISECORP,3,more then one session,Ангела Петкова,,,,February,2023,Saturday,25-Feb-2023 19:00:00,22-Feb-2023,25-Feb-2023
2023-02-27 11:00:00,2023-02-27 11:50:00,Марен,Катъров,818523212,maren.katarov@abv.bg,ModernTech: Тренинг за лидери на живо | Leadership training in person,Калина Петрова | Kalina Petrova,0.0,no,0.0,,,2023-02-24,,a client,ModernTech,m.katarov@moderntech.com,,992939657,,|Марен|Катъров|,MAREN,KATAROV,Maren Katarov,MAATAKAT,На живо,MODERNTECH,9999.0,0.0,0.0,1920-01-01,01-Jan-1920,,40.0,1.0,0 days,MAATAKAT|MODERNTECH,1,only one session,Калина Петрова,,,,February,2023,Monday,27-Feb-2023 11:00:00,24-Feb-2023,27-Feb-2023
2023-02-27 15:00:00,2023-02-27 15:50:00,Туфка,Чукчуков,889090202,tufka.chukchukov@yahoo.com,Swift Systems: Тренинг за лидери на живо | Leadership training in person,Георги Михайлов | Georgi Mihaylov,0.0,no,0.0,,,2023-02-23,,a client,Swift Systems,t.chukchukov@swift.systems.com,,992238345,,|Туфка|Чукчуков|,TUFKA,CHUKCHUKOV,Tufka Chukchukov,TUHUKCHU,На живо,SWIFT SYSTEMS,9999.0,0.0,0.0,2022-04-01,30-Sep-2022,,50.0,1.0,182 days,TUHUKCHU|SWIFT SYSTEMS,1,only one session,Георги Михайлов,,,,February,2023,Monday,27-Feb-2023 15:00:00,23-Feb-2023,27-Feb-2023
2023-02-27 17:00:00,2023-02-27 17:50:00,Manuel,Ballard,881522253,manuel.ballard@msn.com,SunriseCorp: Тренинг за лидери на живо | Leadership training in person,Калина Петрова | Kalina Petrova,0.0,no,0.0,,,2023-01-28,,a client,SunriseCorp,m.ballard@sunrisecorp.com,,975878969,,|Manuel|Ballard|,MANUEL,BALLARD,Manuel Ballard,MAALLBAL,На живо,SUNRISECORP,9999.0,0.0,0.0,1920-01-01,01-Jan-1920,,40.0,1.0,0 days,MAALLBAL|SUNRISECORP,2,more then one session,Калина Петрова,,,,February,2023,Monday,27-Feb-2023 17:00:00,28-Jan-2023,27-Feb-2023
2023-02-27 18:00:00,2023-02-27 18:50:00,Деа,Катърова,359819335218,dea.katarova@gmail.com,SunriseCorp: Тренинг за лидери на живо | Leadership training in person,Калина Петрова | Kalina Petrova,0.0,no,0.0,,,2023-02-01,,a client,SunriseCorp,d.katarova@sunrisecorp.com,,978252333,,|Деа|Катърова|,DEA,KATAROVA,Dea Katarova,DEATAKAT,На живо,SUNRISECORP,9999.0,0.0,0.0,1920-01-01,01-Jan-1920,,40.0,1.0,0 days,DEATAKAT|SUNRISECORP,2,more then one session,Калина Петрова,,,,February,2023,Monday,27-Feb-2023 18:00:00,01-Feb-2023,27-Feb-2023
2023-02-27 18:00:00,2023-02-27 18:50:00,Aylin,Walsh,2915151935200,aylin.walsh@yandex.ru,iNdigo | Nexern | Conzap: Онлайн тренинг за лидери | Online leadership training,Радослав Иванов | Radoslav Ivanov,0.0,no,0.0,,,2023-02-24,,a client,iNdigo,aylin.walsh@yandex.ru,Zoom,992629872,,|Aylin|Walsh|,AYLIN,WALSH,Aylin Walsh,AYALSYLI,Онлайн,INDIGO,5.0,0.0,0.0,2021-11-15,15-Nov-2022,online only,50.0,1.0,365 days,AYALSYLI|INDIGO,10,more then one session,Радослав Иванов,,,,February,2023,Monday,27-Feb-2023 18:00:00,24-Feb-2023,27-Feb-2023
2023-02-28 08:30:00,2023-02-28 09:20:00,Лянка,Илиева,885201535,lyanka.ilieva@yahoo.com,Swift Systems: Тренинг за лидери на живо | Leadership training in person,Георги Михайлов | Georgi Mihaylov,0.0,no,0.0,,,2023-02-25,,a trainer,Swift Systems,l.ilieva@swift.systems.com,,993284877,,|Лянка|Илиева|,LYANKA,ILIEVA,Lyanka Ilieva,LYLIEILI,На живо,SWIFT SYSTEMS,9999.0,0.0,0.0,2022-04-01,30-Sep-2022,,50.0,1.0,182 days,LYLIEILI|SWIFT SYSTEMS,22,more then one session,Георги Михайлов,,,,February,2023,Tuesday,28-Feb-2023 08:30:00,25-Feb-2023,28-Feb-2023
2023-02-28 09:00:00,2023-02-28 09:50:00,милдия,Топков,,mildiya.topkov@mail.bg,Онлайн коучинг,Теодора Йорданова | Teodora Yordanova,0.0,no,0.0,,,2023-02-21,,a trainer,,,,990780923,"2,",|милдия|Топков|,MILDIYA,TOPKOV,Mildiya Topkov,MIOPKILD,Онлайн,ОНЛАЙН КОУЧИНГ,0.0,0.0,0.0,1920-01-01,01-Jan-1920,,0.0,0.0,0 days,MIOPKILD|ОНЛАЙН КОУЧИНГ,3,more then one session,Теодора Йорданова,,,,February,2023,Tuesday,28-Feb-2023 09:00:00,21-Feb-2023,28-Feb-2023
2023-02-28 10:00:00,2023-02-28 10:50:00,Matthew,Park,882112111,matthew.park@gmail.com,Novex: Онлайн тренинг за лидери|Online leadership training,Калина Петрова | Kalina Petrova,0.0,no,0.0,,,2023-02-24,,a client,Novex,matthew.park@gmail.com,Zoom,992712370,,|Matthew|Park|,MATTHEW,PARK,Matthew Park,MAARKATT,Онлайн,NOVEX,12.0,0.0,0.0,2022-04-01,31-Mar-2023,,50.0,1.0,364 days,MAARKATT|NOVEX,6,more then one session,Калина Петрова,NOVEX|MAARKATT,6.0,6.0,February,2023,Tuesday,28-Feb-2023 10:00:00,24-Feb-2023,28-Feb-2023
2023-02-28 12:00:00,2023-02-28 12:50:00,Цветана,Балканска,882922500,cvetana.balkanska@mail.bg,SunriseCorp: Онлайн тренинг за лидери | Online leadership training,Калина Петрова | Kalina Petrova,0.0,no,0.0,,,2023-02-22,,a client,SunriseCorp,c.balkanska@sunrisecorp.com,Viber,991198173,,|Цветана|Балканска|,TSVETANA,BALKANSKA,Tsvetana Balkanska,TSALKBAL,Онлайн,SUNRISECORP,9999.0,0.0,0.0,1920-01-01,01-Jan-1920,,40.0,1.0,0 days,TSALKBAL|SUNRISECORP,1,only one session,Калина Петрова,,,,February,2023,Tuesday,28-Feb-2023 12:00:00,22-Feb-2023,28-Feb-2023
2023-02-28 13:00:00,2023-02-28 13:50:00,Янче,Тъпчилещов,889293128,yanche.tapchileshhov@abv.bg,Novex: Онлайн тренинг за лидери|Online leadership training,Жана Иванова | Zhana Ivanova,0.0,no,0.0,,,2023-02-24,,a client,Novex,y.tapchileshhov@novex.com,"Zoom, Google Meet",992731299,,|Янче|Тъпчилещов|,YANCHE,TAPCHILESHTOV,Yanche Tapchileshtov,YAAPCTAP,Онлайн,NOVEX,12.0,0.0,0.0,2022-04-01,31-Mar-2023,,50.0,1.0,364 days,YAAPCTAP|NOVEX,1,only one session,Жана Иванова,NOVEX|YAAPCTAP,1.0,11.0,February,2023,Tuesday,28-Feb-2023 13:00:00,24-Feb-2023,28-Feb-2023
2023-02-28 16:30:00,2023-02-28 17:20:00,Божинел,Пенджакова,,bozhinel.pendzhakova@abv.bg,Онлайн коучинг,Теодора Йорданова | Teodora Yordanova,0.0,no,0.0,,,2023-02-21,,a trainer,,,,990535742,"2,",|Божинел|Пенджакова|,BOZHINEL,PENDZHAKOVA,Bozhinel Pendzhakova,BOENDOZH,Онлайн,ОНЛАЙН КОУЧИНГ,0.0,0.0,0.0,1920-01-01,01-Jan-1920,,0.0,0.0,0 days,BOENDOZH|ОНЛАЙН КОУЧИНГ,6,more then one session,Теодора Йорданова,,,,February,2023,Tuesday,28-Feb-2023 16:30:00,21-Feb-2023,28-Feb-2023
2023-02-28 18:00:00,2023-02-28 18:50:00,Павлинчо,Куртакова,359818125925,pavlincho.kurtakova@abv.bg,Novex: Онлайн тренинг за лидери|Online leadership training,София Димитрова | Sofia Dimitrova,0.0,no,0.0,,,2023-02-20,,a client,Novex,pavlincho.kurtakova@abv.bg,Viber,989728582,,|Павлинчо|Куртакова|,PAVLINCHO,KURTAKOVA,Pavlincho Kurtakova,PAURTAVL,Онлайн,NOVEX,12.0,0.0,0.0,2022-04-01,31-Mar-2023,,50.0,1.0,364 days,PAURTAVL|NOVEX,10,more then one session,София Димитрова,NOVEX|PAURTAVL,10.0,2.0,February,2023,Tuesday,28-Feb-2023 18:00:00,20-Feb-2023,28-Feb-2023
2023-02-28 19:00:00,2023-02-28 19:50:00,Дуда,Занов,895902832,duda.zanov@mail.bg,Novex: Онлайн тренинг за лидери|Online leadership training,София Димитрова | Sofia Dimitrova,0.0,no,0.0,,,2023-02-20,,a client,Novex,d.zanov@novex.com,Viber,989700440,,|Дуда|Занов|,DUDA,ZANOV,Duda Zanov,DUANOZAN,Онлайн,NOVEX,12.0,0.0,0.0,2022-04-01,31-Mar-2023,,50.0,1.0,364 days,DUANOZAN|NOVEX,7,more then one session,София Димитрова,NOVEX|DUANOZAN,7.0,5.0,February,2023,Tuesday,28-Feb-2023 19:00:00,20-Feb-2023,28-Feb-2023
